vehicle_id,hotpatch_capable,ota_only_protected_min,hotpatch_first_protected_min,exposure_reduction_min,ota_only_ota_finished_min,hotpatch_first_ota_finished_min
vehicle-0000,true,1442,746,696,1442,1442
vehicle-0001,true,1454,1050,404,1454,1454
vehicle-0002,true,1402,486,916,1402,1402
vehicle-0003,true,1355,965,390,1355,1355
vehicle-0004,true,1442,673,769,1442,1442
vehicle-0005,true,1432,448,984,1432,1432
vehicle-0006,true,1425,822,603,1425,1425
vehicle-0007,true,1340,919,421,1340,1340
vehicle-0008,true,1319,421,898,1319,1319
vehicle-0009,true,1358,444,914,1358,1358
vehicle-0010,true,1331,486,845,1331,1331
vehicle-0011,true,1428,425,1003,1428,1428
vehicle-0012,true,1354,789,565,1354,1354
vehicle-0013,true,1359,478,881,1359,1359
vehicle-0014,true,1339,710,629,1339,1339
vehicle-0015,true,1429,1150,279,1429,1429
vehicle-0016,true,1424,801,623,1424,1424
vehicle-0017,true,1385,838,547,1385,1385
vehicle-0018,true,1445,443,1002,1445,1445
vehicle-0019,true,1322,398,924,1322,1322
vehicle-0020,true,1332,466,866,1332,1332
vehicle-0021,true,1401,450,951,1401,1401
vehicle-0022,true,1448,776,672,1448,1448
vehicle-0023,true,1359,1189,170,1359,1359
vehicle-0024,true,1320,482,838,1320,1320
vehicle-0025,true,1397,543,854,1397,1397
vehicle-0026,true,1401,422,979,1401,1401
vehicle-0027,true,1345,474,871,1345,1345
vehicle-0028,true,1431,480,951,1431,1431
vehicle-0029,true,1318,1186,132,1318,1318
vehicle-0030,true,1327,762,565,1327,1327
vehicle-0031,true,1363,512,851,1363,1363
vehicle-0032,true,1365,855,510,1365,1365
vehicle-0033,true,1428,447,981,1428,1428
vehicle-0034,true,2770,370,2400,2770,2770
vehicle-0035,true,2846,542,2304,2846,2846
vehicle-0036,true,1372,1084,288,1372,1372
vehicle-0037,true,1390,710,680,1390,1390
vehicle-0038,true,2857,471,2386,2857,2857
vehicle-0039,true,1452,442,1010,1452,1452
vehicle-0040,true,2822,821,2001,2822,2822
vehicle-0041,true,1404,605,799,1404,1404
vehicle-0042,true,2833,693,2140,2833,2833
vehicle-0043,true,1412,1002,410,1412,1412
vehicle-0044,true,1422,687,735,1422,1422
vehicle-0045,true,2820,702,2118,2820,2820
vehicle-0046,true,2893,706,2187,2893,2893
vehicle-0047,true,2749,637,2112,2749,2749
vehicle-0048,true,1430,431,999,1430,1430
vehicle-0049,true,2778,863,1915,2778,2778
vehicle-0050,true,1435,400,1035,1435,1435
vehicle-0051,true,2893,756,2137,2893,2893
vehicle-0052,true,2749,888,1861,2749,2749
vehicle-0053,true,2777,824,1953,2777,2777
vehicle-0054,true,1442,944,498,1442,1442
vehicle-0055,true,2749,805,1944,2749,2749
vehicle-0056,true,2796,756,2040,2796,2796
vehicle-0057,true,2825,509,2316,2825,2825
vehicle-0058,true,1446,1040,406,1446,1446
vehicle-0059,true,1449,433,1016,1449,1449
vehicle-0060,true,1457,677,780,1457,1457
vehicle-0061,true,2890,448,2442,2890,2890
vehicle-0062,true,1467,465,1002,1467,1467
vehicle-0063,true,2769,789,1980,2769,2769
vehicle-0064,true,2785,697,2088,2785,2785
vehicle-0065,true,2825,725,2100,2825,2825
vehicle-0066,true,1473,1098,375,1473,1473
vehicle-0067,true,2844,421,2423,2844,2844
vehicle-0068,true,1475,507,968,1475,1475
vehicle-0069,true,1480,972,508,1480,1480
vehicle-0070,true,2869,456,2413,2869,2869
vehicle-0071,true,2830,917,1913,2830,2830
vehicle-0072,true,2798,775,2023,2798,2798
vehicle-0073,true,2753,909,1844,2753,2753
vehicle-0074,true,2859,390,2469,2859,2859
vehicle-0075,true,2781,718,2063,2781,2781
vehicle-0076,true,2885,492,2393,2885,2885
vehicle-0077,true,2765,966,1799,2765,2765
vehicle-0078,true,2842,1004,1838,2842,2842
vehicle-0079,true,2814,502,2312,2814,2814
vehicle-0080,true,2854,553,2301,2854,2854
vehicle-0081,true,2857,1056,1801,2857,2857
vehicle-0082,true,2856,850,2006,2856,2856
vehicle-0083,true,1494,533,961,1494,1494
vehicle-0084,true,2826,750,2076,2826,2826
vehicle-0085,true,2749,470,2279,2749,2749
vehicle-0086,true,2765,511,2254,2765,2765
vehicle-0087,true,2817,1122,1695,2817,2817
vehicle-0088,true,2880,449,2431,2880,2880
vehicle-0089,true,2775,449,2326,2775,2775
vehicle-0090,true,2745,519,2226,2745,2745
vehicle-0091,true,2875,1012,1863,2875,2875
vehicle-0092,true,2844,508,2336,2844,2844
vehicle-0093,true,2861,710,2151,2861,2861
vehicle-0094,true,2823,410,2413,2823,2823
vehicle-0095,true,2833,447,2386,2833,2833
vehicle-0096,true,2862,400,2462,2862,2862
vehicle-0097,true,2868,570,2298,2868,2868
vehicle-0098,true,4315,617,3698,4315,4315
vehicle-0099,true,4205,692,3513,4205,4205
vehicle-0100,true,2871,964,1907,2871,2871
vehicle-0101,true,4251,500,3751,4251,4251
vehicle-0102,true,2881,737,2144,2881,2881
vehicle-0103,true,4224,416,3808,4224,4224
vehicle-0104,true,4213,467,3746,4213,4213
vehicle-0105,true,4283,990,3293,4283,4283
vehicle-0106,true,2887,490,2397,2887,2887
vehicle-0107,true,4204,731,3473,4204,4204
vehicle-0108,true,4306,523,3783,4306,4306
vehicle-0109,true,4328,410,3918,4328,4328
vehicle-0110,true,4323,550,3773,4323,4323
vehicle-0111,true,4310,809,3501,4310,4310
vehicle-0112,true,4243,775,3468,4243,4243
vehicle-0113,true,4276,413,3863,4276,4276
vehicle-0114,true,4261,426,3835,4261,4261
vehicle-0115,true,2889,793,2096,2889,2889
vehicle-0116,true,2899,421,2478,2899,2899
vehicle-0117,true,4207,478,3729,4207,4207
vehicle-0118,true,4306,724,3582,4306,4306
vehicle-0119,true,4261,437,3824,4261,4261
vehicle-0120,true,4230,758,3472,4230,4230
vehicle-0121,true,2901,368,2533,2901,2901
vehicle-0122,true,4287,489,3798,4287,4287
vehicle-0123,true,4296,470,3826,4296,4296
vehicle-0124,true,4256,779,3477,4256,4256
vehicle-0125,true,2902,416,2486,2902,2902
vehicle-0126,true,2906,554,2352,2906,2906
vehicle-0127,true,4259,526,3733,4259,4259
vehicle-0128,true,4316,671,3645,4316,4316
vehicle-0129,true,4302,918,3384,4302,4302
vehicle-0130,true,4237,454,3783,4237,4237
vehicle-0131,true,2907,459,2448,2907,2907
vehicle-0132,true,4325,678,3647,4325,4325
vehicle-0133,true,4222,608,3614,4222,4222
vehicle-0134,true,4289,574,3715,4289,4289
vehicle-0135,true,4315,486,3829,4315,4315
vehicle-0136,true,4333,451,3882,4333,4333
vehicle-0137,true,4194,609,3585,4194,4194
vehicle-0138,true,2913,434,2479,2913,2913
vehicle-0139,true,4230,429,3801,4230,4230
vehicle-0140,true,2926,727,2199,2926,2926
vehicle-0141,true,4204,599,3605,4204,4204
vehicle-0142,true,4308,760,3548,4308,4308
vehicle-0143,true,4313,538,3775,4313,4313
vehicle-0144,true,4334,644,3690,4334,4334
vehicle-0145,true,4219,627,3592,4219,4219
vehicle-0146,true,4201,395,3806,4201,4201
vehicle-0147,true,4239,591,3648,4239,4239
vehicle-0148,true,4255,756,3499,4255,4255
vehicle-0149,true,4246,838,3408,4246,4246
vehicle-0150,true,4264,555,3709,4264,4264
vehicle-0151,true,4317,414,3903,4317,4317
vehicle-0152,true,4275,773,3502,4275,4275
vehicle-0153,true,4291,806,3485,4291,4291
vehicle-0154,true,5700,487,5213,5700,5700
vehicle-0155,true,4302,656,3646,4302,4302
vehicle-0156,true,5665,411,5254,5665,5665
vehicle-0157,true,4309,416,3893,4309,4309
vehicle-0158,true,5628,677,4951,5628,5628
vehicle-0159,true,4335,698,3637,4335,4335
vehicle-0160,true,4336,680,3656,4336,4336
vehicle-0161,true,4341,521,3820,4341,4341
vehicle-0162,true,5650,584,5066,5650,5650
vehicle-0163,true,5641,897,4744,5641,5641
vehicle-0164,true,5691,483,5208,5691,5691
vehicle-0165,true,4347,541,3806,4347,4347
vehicle-0166,true,5701,732,4969,5701,5701
vehicle-0167,true,5653,491,5162,5653,5653
vehicle-0168,true,5655,742,4913,5655,5655
vehicle-0169,true,5773,474,5299,5773,5773
vehicle-0170,true,5728,465,5263,5728,5728
vehicle-0171,true,5723,1048,4675,5723,5723
vehicle-0172,true,4347,466,3881,4347,4347
vehicle-0173,true,5748,1136,4612,5748,5748
vehicle-0174,true,5626,738,4888,5626,5626
vehicle-0175,true,5643,635,5008,5643,5643
vehicle-0176,true,5746,552,5194,5746,5746
vehicle-0177,true,5669,1064,4605,5669,5669
vehicle-0178,true,5764,995,4769,5764,5764
vehicle-0179,true,4353,491,3862,4353,4353
vehicle-0180,true,4354,470,3884,4354,4354
vehicle-0181,true,5682,366,5316,5682,5682
vehicle-0182,true,5676,889,4787,5676,5676
vehicle-0183,true,4358,990,3368,4358,4358
vehicle-0184,true,5708,474,5234,5708,5708
vehicle-0185,true,4362,1158,3204,4362,4362
vehicle-0186,true,5669,463,5206,5669,5669
vehicle-0187,true,5770,553,5217,5770,5770
vehicle-0188,true,5709,587,5122,5709,5709
vehicle-0189,true,5641,698,4943,5641,5641
vehicle-0190,true,5754,849,4905,5754,5754
vehicle-0191,true,5755,447,5308,5755,5755
vehicle-0192,true,5666,1095,4571,5666,5666
vehicle-0193,true,5754,547,5207,5754,5754
vehicle-0194,true,4380,949,3431,4380,4380
vehicle-0195,true,5671,790,4881,5671,5671
vehicle-0196,true,5709,988,4721,5709,5709
vehicle-0197,true,5638,971,4667,5638,5638
vehicle-0198,true,5646,942,4704,5646,5646
vehicle-0199,true,5641,490,5151,5641,5641
vehicle-0200,true,4381,403,3978,4381,4381
vehicle-0201,true,5773,440,5333,5773,5773
vehicle-0202,true,5647,1111,4536,5647,5647
vehicle-0203,true,5710,715,4995,5710,5710
vehicle-0204,true,5701,578,5123,5701,5701
vehicle-0205,true,5637,493,5144,5637,5637
vehicle-0206,true,5732,689,5043,5732,5732
vehicle-0207,true,5682,511,5171,5682,5682
vehicle-0208,true,5759,468,5291,5759,5759
vehicle-0209,true,5699,374,5325,5699,5699
vehicle-0210,true,5759,678,5081,5759,5759
vehicle-0211,true,7130,547,6583,7130,7130
vehicle-0212,true,5692,747,4945,5692,5692
vehicle-0213,true,5711,853,4858,5711,5711
vehicle-0214,true,7147,773,6374,7147,7147
vehicle-0215,true,5716,448,5268,5716,5716
vehicle-0216,true,5768,524,5244,5768,5768
vehicle-0217,true,7192,415,6777,7192,7192
vehicle-0218,true,5727,903,4824,5727,5727
vehicle-0219,true,7096,754,6342,7096,7096
vehicle-0220,true,7157,777,6380,7157,7157
vehicle-0221,true,5737,472,5265,5737,5737
vehicle-0222,true,5744,941,4803,5744,5744
vehicle-0223,true,7199,445,6754,7199,7199
vehicle-0224,true,7148,969,6179,7148,7148
vehicle-0225,true,7206,527,6679,7206,7206
vehicle-0226,true,7140,496,6644,7140,7140
vehicle-0227,true,7191,689,6502,7191,7191
vehicle-0228,true,5746,469,5277,5746,5746
vehicle-0229,true,5755,437,5318,5755,5755
vehicle-0230,true,5759,956,4803,5759,5759
vehicle-0231,true,5761,702,5059,5761,5761
vehicle-0232,true,5772,511,5261,5772,5772
vehicle-0233,true,7168,851,6317,7168,7168
vehicle-0234,true,7113,666,6447,7113,7113
vehicle-0235,true,7119,463,6656,7119,7119
vehicle-0236,true,7114,447,6667,7114,7114
vehicle-0237,true,5777,479,5298,5777,5777
vehicle-0238,true,7104,467,6637,7104,7104
vehicle-0239,true,5782,431,5351,5782,5782
vehicle-0240,true,5789,670,5119,5789,5789
vehicle-0241,true,5791,475,5316,5791,5791
vehicle-0242,true,7136,706,6430,7136,7136
vehicle-0243,true,5800,763,5037,5800,5800
vehicle-0244,true,7204,868,6336,7204,7204
vehicle-0245,true,7067,506,6561,7067,7067
vehicle-0246,true,7078,675,6403,7078,7078
vehicle-0247,true,7180,1038,6142,7180,7180
vehicle-0248,true,7095,421,6674,7095,7095
vehicle-0249,true,7138,437,6701,7138,7138
vehicle-0250,true,7128,1181,5947,7128,7128
vehicle-0251,true,7167,577,6590,7167,7167
vehicle-0252,true,7176,792,6384,7176,7176
vehicle-0253,true,7161,1170,5991,7161,7161
vehicle-0254,true,7121,460,6661,7121,7121
vehicle-0255,true,7135,539,6596,7135,7135
vehicle-0256,true,7154,494,6660,7154,7154
vehicle-0257,true,7203,434,6769,7203,7203
vehicle-0258,true,7074,786,6288,7074,7074
vehicle-0259,true,7132,426,6706,7132,7132
vehicle-0260,true,7151,1019,6132,7151,7151
vehicle-0261,true,7120,567,6553,7120,7120
vehicle-0262,true,7163,442,6721,7163,7163
vehicle-0263,true,7165,464,6701,7165,7165
vehicle-0264,true,7195,844,6351,7195,7195
vehicle-0265,true,7184,695,6489,7184,7184
vehicle-0266,true,8575,544,8031,8575,8575
vehicle-0267,true,7178,1117,6061,7178,7178
vehicle-0268,true,7177,746,6431,7177,7177
vehicle-0269,true,7180,431,6749,7180,7180
vehicle-0270,true,8652,527,8125,8652,8652
vehicle-0271,true,8561,467,8094,8561,8561
vehicle-0272,true,8604,935,7669,8604,8604
vehicle-0273,true,8544,859,7685,8544,8544
vehicle-0274,true,7196,524,6672,7196,7196
vehicle-0275,true,7199,601,6598,7199,7199
vehicle-0276,true,7210,604,6606,7210,7210
vehicle-0277,true,8534,1073,7461,8534,8534
vehicle-0278,true,8644,702,7942,8644,8644
vehicle-0279,true,7208,1021,6187,7208,7208
vehicle-0280,true,8524,708,7816,8524,8524
vehicle-0281,true,8650,444,8206,8650,8650
vehicle-0282,true,7210,628,6582,7210,7210
vehicle-0283,true,7212,612,6600,7212,7212
vehicle-0284,true,7221,974,6247,7221,7221
vehicle-0285,true,7222,838,6384,7222,7222
vehicle-0286,true,8522,894,7628,8522,8522
vehicle-0287,true,8547,561,7986,8547,8547
vehicle-0288,true,8517,979,7538,8517,8517
vehicle-0289,true,8592,738,7854,8592,8592
vehicle-0290,true,7223,574,6649,7223,7223
vehicle-0291,true,8646,567,8079,8646,8646
vehicle-0292,true,7225,780,6445,7225,7225
vehicle-0293,true,7229,869,6360,7229,7229
vehicle-0294,true,8636,428,8208,8636,8636
vehicle-0295,true,8568,467,8101,8568,8568
vehicle-0296,true,8599,432,8167,8599,8599
vehicle-0297,true,8597,1056,7541,8597,8597
vehicle-0298,true,7240,593,6647,7240,7240
vehicle-0299,true,8605,768,7837,8605,8605
vehicle-0300,true,8534,531,8003,8534,8534
vehicle-0301,true,8607,533,8074,8607,8607
vehicle-0302,true,7241,726,6515,7241,7241
vehicle-0303,true,7244,516,6728,7244,7244
vehicle-0304,true,8506,673,7833,8506,8506
vehicle-0305,true,8579,649,7930,8579,8579
vehicle-0306,true,8547,707,7840,8547,8547
vehicle-0307,true,8528,535,7993,8528,8528
vehicle-0308,true,8555,557,7998,8555,8555
vehicle-0309,true,8541,635,7906,8541,8541
vehicle-0310,true,8652,394,8258,8652,8652
vehicle-0311,true,8622,463,8159,8622,8622
vehicle-0312,true,8510,522,7988,8510,8510
vehicle-0313,true,8510,467,8043,8510,8510
vehicle-0314,true,7253,475,6778,7253,7253
vehicle-0315,true,8612,869,7743,8612,8612
vehicle-0316,true,8654,516,8138,8654,8654
vehicle-0317,true,8507,486,8021,8507,8507
vehicle-0318,true,8623,647,7976,8623,8623
vehicle-0319,true,8622,859,7763,8622,8622
vehicle-0320,true,7255,419,6836,7255,7255
vehicle-0321,true,8650,716,7934,8650,8650
vehicle-0322,true,8587,663,7924,8587,8587
vehicle-0323,true,8631,444,8187,8631,8631
vehicle-0324,true,8594,561,8033,8594,8594
vehicle-0325,true,8508,463,8045,8508,8508
vehicle-0326,true,8507,602,7905,8507,8507
vehicle-0327,true,8552,549,8003,8552,8552
vehicle-0328,true,8566,529,8037,8566,8566
vehicle-0329,true,8573,355,8218,8573,8573
vehicle-0330,true,8552,461,8091,8552,8552
vehicle-0331,true,8597,714,7883,8597,8597
vehicle-0332,true,8645,599,8046,8645,8645
vehicle-0333,true,10059,558,9501,10059,10059
vehicle-0334,true,8651,540,8111,8651,8651
vehicle-0335,true,8597,594,8003,8597,8597
vehicle-0336,true,8611,446,8165,8611,8611
vehicle-0337,true,8655,516,8139,8655,8655
vehicle-0338,true,8625,517,8108,8625,8625
vehicle-0339,true,8642,412,8230,8642,8642
vehicle-0340,true,8642,516,8126,8642,8642
vehicle-0341,true,9982,515,9467,9982,9982
vehicle-0342,true,8656,826,7830,8656,8656
vehicle-0343,true,10002,511,9491,10002,10002
vehicle-0344,true,10071,476,9595,10071,10071
vehicle-0345,true,8657,1148,7509,8657,8657
vehicle-0346,true,10070,547,9523,10070,10070
vehicle-0347,true,9995,511,9484,9995,9995
vehicle-0348,true,10017,904,9113,10017,10017
vehicle-0349,true,8667,687,7980,8667,8667
vehicle-0350,true,9967,490,9477,9967,9967
vehicle-0351,true,10021,458,9563,10021,10021
vehicle-0352,true,10034,606,9428,10034,10034
vehicle-0353,true,10061,612,9449,10061,10061
vehicle-0354,true,10043,816,9227,10043,10043
vehicle-0355,true,8667,725,7942,8667,8667
vehicle-0356,true,9980,542,9438,9980,9980
vehicle-0357,true,8668,546,8122,8668,8668
vehicle-0358,true,10067,501,9566,10067,10067
vehicle-0359,true,10068,895,9173,10068,10068
vehicle-0360,true,10006,391,9615,10006,10006
vehicle-0361,true,10071,485,9586,10071,10071
vehicle-0362,true,10022,944,9078,10022,10022
vehicle-0363,true,8670,540,8130,8670,8670
vehicle-0364,true,10079,490,9589,10079,10079
vehicle-0365,true,9969,474,9495,9969,9969
vehicle-0366,true,10018,542,9476,10018,10018
vehicle-0367,true,10093,522,9571,10093,10093
vehicle-0368,true,9957,500,9457,9957,9957
vehicle-0369,true,9981,647,9334,9981,9981
vehicle-0370,true,10021,506,9515,10021,10021
vehicle-0371,true,10063,469,9594,10063,10063
vehicle-0372,true,10046,733,9313,10046,10046
vehicle-0373,true,10087,594,9493,10087,10087
vehicle-0374,true,9971,508,9463,9971,9971
vehicle-0375,true,9962,452,9510,9962,9962
vehicle-0376,true,10004,476,9528,10004,10004
vehicle-0377,true,8687,500,8187,8687,8687
vehicle-0378,true,8687,912,7775,8687,8687
vehicle-0379,true,10021,1013,9008,10021,10021
vehicle-0380,true,10051,471,9580,10051,10051
vehicle-0381,true,9961,977,8984,9961,9961
vehicle-0382,true,9963,771,9192,9963,9963
vehicle-0383,true,10042,427,9615,10042,10042
vehicle-0384,true,10026,386,9640,10026,10026
vehicle-0385,true,10026,437,9589,10026,10026
vehicle-0386,true,11533,466,11067,11533,11533
vehicle-0387,true,10049,951,9098,10049,10049
vehicle-0388,true,10064,778,9286,10064,10064
vehicle-0389,true,10066,423,9643,10066,10066
vehicle-0390,true,10067,480,9587,10067,10067
vehicle-0391,true,11417,793,10624,11417,11417
vehicle-0392,true,10071,729,9342,10071,10071
vehicle-0393,true,11437,444,10993,11437,11437
vehicle-0394,true,10071,521,9550,10071,10071
vehicle-0395,true,10095,752,9343,10095,10095
vehicle-0396,true,10087,553,9534,10087,10087
vehicle-0397,true,11448,1059,10389,11448,11448
vehicle-0398,true,11490,394,11096,11490,11490
vehicle-0399,true,11408,1061,10347,11408,11408
vehicle-0400,true,10094,516,9578,10094,10094
vehicle-0401,true,11510,414,11096,11510,11510
vehicle-0402,true,11471,501,10970,11471,11471
vehicle-0403,true,11508,477,11031,11508,11508
vehicle-0404,true,11501,418,11083,11501,11501
vehicle-0405,true,11390,518,10872,11390,11390
vehicle-0406,true,11528,747,10781,11528,11528
vehicle-0407,true,10096,449,9647,10096,10096
vehicle-0408,true,11399,709,10690,11399,11399
vehicle-0409,true,11404,522,10882,11404,11404
vehicle-0410,true,11398,713,10685,11398,11398
vehicle-0411,true,11475,435,11040,11475,11475
vehicle-0412,true,11492,677,10815,11492,11492
vehicle-0413,true,11473,467,11006,11473,11473
vehicle-0414,true,10109,459,9650,10109,10109
vehicle-0415,true,11509,996,10513,11509,11509
vehicle-0416,true,11476,630,10846,11476,11476
vehicle-0417,true,11511,467,11044,11511,11511
vehicle-0418,true,11445,512,10933,11445,11445
vehicle-0419,true,10112,465,9647,10112,10112
vehicle-0420,true,11443,675,10768,11443,11443
vehicle-0421,true,11386,731,10655,11386,11386
vehicle-0422,true,11492,483,11009,11492,11492
vehicle-0423,true,11479,449,11030,11479,11479
vehicle-0424,true,11472,385,11087,11472,11472
vehicle-0425,true,11501,400,11101,11501,11501
vehicle-0426,true,11502,1041,10461,11502,11502
vehicle-0427,true,11516,890,10626,11516,11516
vehicle-0428,true,11474,918,10556,11474,11474
vehicle-0429,true,10116,551,9565,10116,10116
vehicle-0430,true,11436,466,10970,11436,11436
vehicle-0431,true,11483,514,10969,11483,11483
vehicle-0432,true,12839,515,12324,12839,12839
vehicle-0433,true,11517,514,11003,11517,11517
vehicle-0434,true,11521,390,11131,11521,11521
vehicle-0435,true,12962,743,12219,12962,12962
vehicle-0436,true,12949,602,12347,12949,12949
vehicle-0437,true,12920,505,12415,12920,12920
vehicle-0438,true,11524,832,10692,11524,11524
vehicle-0439,true,12906,406,12500,12906,12906
vehicle-0440,true,11519,462,11057,11519,11519
vehicle-0441,true,11521,868,10653,11521,11521
vehicle-0442,true,11524,713,10811,11524,11524
vehicle-0443,true,12848,732,12116,12848,12848
vehicle-0444,true,12862,602,12260,12862,12862
vehicle-0445,true,11528,519,11009,11528,11528
vehicle-0446,true,11537,367,11170,11537,11537
vehicle-0447,true,12828,524,12304,12828,12828
vehicle-0448,true,12932,857,12075,12932,12932
vehicle-0449,true,12862,551,12311,12862,12862
vehicle-0450,true,11537,1001,10536,11537,11537
vehicle-0451,true,11546,573,10973,11546,11546
vehicle-0452,true,12880,419,12461,12880,12880
vehicle-0453,true,12875,977,11898,12875,12875
vehicle-0454,true,11547,773,10774,11547,11547
vehicle-0455,true,11554,609,10945,11554,11554
vehicle-0456,true,12970,619,12351,12970,12970
vehicle-0457,true,12959,481,12478,12959,12959
vehicle-0458,true,11556,455,11101,11556,11556
vehicle-0459,true,12848,698,12150,12848,12848
vehicle-0460,true,11561,614,10947,11561,11561
vehicle-0461,true,12856,539,12317,12856,12856
vehicle-0462,true,12864,771,12093,12864,12864
vehicle-0463,true,11562,435,11127,11562,11562
vehicle-0464,true,12867,478,12389,12867,12867
vehicle-0465,true,12883,669,12214,12883,12883
vehicle-0466,true,12865,459,12406,12865,12865
vehicle-0467,true,12866,460,12406,12866,12866
vehicle-0468,true,12826,758,12068,12826,12826
vehicle-0469,true,12918,424,12494,12918,12918
vehicle-0470,true,12865,474,12391,12865,12865
vehicle-0471,true,12861,690,12171,12861,12861
vehicle-0472,true,11573,654,10919,11573,11573
vehicle-0473,true,12888,452,12436,12888,12888
vehicle-0474,true,12885,1070,11815,12885,12885
vehicle-0475,true,12893,698,12195,12893,12893
vehicle-0476,true,12901,474,12427,12901,12901
vehicle-0477,true,12963,1072,11891,12963,12963
vehicle-0478,true,12975,720,12255,12975,12975
vehicle-0479,true,12970,533,12437,12970,12970
vehicle-0480,true,14329,525,13804,14329,14329
vehicle-0481,true,14340,1084,13256,14340,14340
vehicle-0482,true,12941,471,12470,12941,12941
vehicle-0483,true,12958,1159,11799,12958,12958
vehicle-0484,true,12906,464,12442,12906,12906
vehicle-0485,true,12915,452,12463,12915,12915
vehicle-0486,true,12975,919,12056,12975,12975
vehicle-0487,true,12910,964,11946,12910,12910
vehicle-0488,true,12932,811,12121,12932,12932
vehicle-0489,true,12919,374,12545,12919,12919
vehicle-0490,true,12974,432,12542,12974,12974
vehicle-0491,true,12946,859,12087,12946,12946
vehicle-0492,true,12910,642,12268,12910,12910
vehicle-0493,true,14354,430,13924,14354,14354
vehicle-0494,true,12930,559,12371,12930,12930
vehicle-0495,true,12933,818,12115,12933,12933
vehicle-0496,true,12963,604,12359,12963,12963
vehicle-0497,true,12951,420,12531,12951,12951
vehicle-0498,true,12968,954,12014,12968,12968
vehicle-0499,true,14311,658,13653,14311,14311
vehicle-0500,true,12955,703,12252,12955,12955
vehicle-0501,true,14306,887,13419,14306,14306
vehicle-0502,true,14333,643,13690,14333,14333
vehicle-0503,true,14399,460,13939,14399,14399
vehicle-0504,true,14411,757,13654,14411,14411
vehicle-0505,true,14298,511,13787,14298,14298
vehicle-0506,true,12975,426,12549,12975,12975
vehicle-0507,true,14269,508,13761,14269,14269
vehicle-0508,true,14282,841,13441,14282,14282
vehicle-0509,true,14311,390,13921,14311,14311
vehicle-0510,true,12977,980,11997,12977,12977
vehicle-0511,true,14373,533,13840,14373,14373
vehicle-0512,true,14313,608,13705,14313,14313
vehicle-0513,true,14312,544,13768,14312,14312
vehicle-0514,true,12978,740,12238,12978,12978
vehicle-0515,true,14343,503,13840,14343,14343
vehicle-0516,true,12991,409,12582,12991,12991
vehicle-0517,true,12996,557,12439,12996,12996
vehicle-0518,true,13000,531,12469,13000,13000
vehicle-0519,true,14346,534,13812,14346,14346
vehicle-0520,true,14403,377,14026,14403,14403
vehicle-0521,true,14384,503,13881,14384,14384
vehicle-0522,true,13008,388,12620,13008,13008
vehicle-0523,true,14319,928,13391,14319,14319
vehicle-0524,true,14266,698,13568,14266,14266
vehicle-0525,true,14318,438,13880,14318,14318
vehicle-0526,true,14284,560,13724,14284,14284
vehicle-0527,true,14380,1059,13321,14380,14380
vehicle-0528,true,14348,540,13808,14348,14348
vehicle-0529,true,14357,598,13759,14357,14357
vehicle-0530,true,14341,455,13886,14341,14341
vehicle-0531,true,14395,526,13869,14395,14395
vehicle-0532,true,14360,792,13568,14360,14360
vehicle-0533,true,14325,415,13910,14325,14325
vehicle-0534,true,14305,728,13577,14305,14305
vehicle-0535,true,14368,433,13935,14368,14368
vehicle-0536,true,14322,459,13863,14322,14322
vehicle-0537,true,14297,747,13550,14297,14297
vehicle-0538,true,14364,1108,13256,14364,14364
vehicle-0539,true,14336,789,13547,14336,14336
vehicle-0540,true,14358,440,13918,14358,14358
vehicle-0541,true,14350,835,13515,14350,14350
vehicle-0542,true,14363,466,13897,14363,14363
vehicle-0543,true,14414,607,13807,14414,14414
vehicle-0544,true,14380,779,13601,14380,14380
vehicle-0545,true,15795,511,15284,15795,15795
vehicle-0546,true,15832,792,15040,15832,15832
vehicle-0547,true,14367,1015,13352,14367,14367
vehicle-0548,true,15818,513,15305,15818,15818
vehicle-0549,true,14381,488,13893,14381,14381
vehicle-0550,true,15768,457,15311,15768,15768
vehicle-0551,true,14386,883,13503,14386,14386
vehicle-0552,true,15829,370,15459,15829,15829
vehicle-0553,true,14404,1020,13384,14404,14404
vehicle-0554,true,14395,586,13809,14395,14395
vehicle-0555,true,14402,643,13759,14402,14402
vehicle-0556,true,15722,499,15223,15722,15722
vehicle-0557,true,15742,549,15193,15742,15742
vehicle-0558,true,15768,502,15266,15768,15768
vehicle-0559,true,15788,519,15269,15788,15788
vehicle-0560,true,15796,430,15366,15796,15796
vehicle-0561,true,14403,495,13908,14403,14403
vehicle-0562,true,15754,480,15274,15754,15754
vehicle-0563,true,15743,725,15018,15743,15743
vehicle-0564,true,14405,671,13734,14405,14405
vehicle-0565,true,14408,613,13795,14408,14408
vehicle-0566,true,15793,561,15232,15793,15793
vehicle-0567,true,15725,371,15354,15725,15725
vehicle-0568,true,15745,532,15213,15745,15745
vehicle-0569,true,15803,923,14880,15803,15803
vehicle-0570,true,15751,937,14814,15751,15751
vehicle-0571,true,15799,788,15011,15799,15799
vehicle-0572,true,15788,536,15252,15788,15788
vehicle-0573,true,15750,477,15273,15750,15750
vehicle-0574,true,14412,472,13940,14412,14412
vehicle-0575,true,15709,835,14874,15709,15709
vehicle-0576,true,14425,435,13990,14425,14425
vehicle-0577,true,15730,747,14983,15730,15730
vehicle-0578,true,15823,791,15032,15823,15823
vehicle-0579,true,15805,520,15285,15805,15805
vehicle-0580,true,15807,782,15025,15807,15807
vehicle-0581,true,14426,439,13987,14426,14426
vehicle-0582,true,15721,430,15291,15721,15721
vehicle-0583,true,14440,656,13784,14440,14440
vehicle-0584,true,15793,447,15346,15793,15793
vehicle-0585,true,15768,678,15090,15768,15768
vehicle-0586,true,15734,555,15179,15734,15734
vehicle-0587,true,15832,1162,14670,15832,15832
vehicle-0588,true,14471,546,13925,14471,14471
vehicle-0589,true,15800,420,15380,15800,15800
vehicle-0590,true,15720,746,14974,15720,15720
vehicle-0591,true,15787,525,15262,15787,15787
vehicle-0592,true,15779,761,15018,15779,15779
vehicle-0593,true,15839,671,15168,15839,15839
vehicle-0594,true,15807,626,15181,15807,15807
vehicle-0595,true,15840,795,15045,15840,15840
vehicle-0596,true,17165,720,16445,17165,17165
vehicle-0597,true,15819,467,15352,15819,15819
vehicle-0598,true,17291,927,16364,17291,17291
vehicle-0599,true,17295,459,16836,17295,17295
vehicle-0600,true,15824,967,14857,15824,15824
vehicle-0601,true,15832,1051,14781,15832,15832
vehicle-0602,true,15833,878,14955,15833,15833
vehicle-0603,true,17148,438,16710,17148,17148
vehicle-0604,true,15848,529,15319,15848,15848
vehicle-0605,true,17249,1185,16064,17249,17249
vehicle-0606,true,17238,538,16700,17238,17238
vehicle-0607,true,15838,831,15007,15838,15838
vehicle-0608,true,17208,541,16667,17208,17208
vehicle-0609,true,15838,728,15110,15838,15838
vehicle-0610,true,15844,507,15337,15844,15844
vehicle-0611,true,15845,505,15340,15845,15845
vehicle-0612,true,17249,957,16292,17249,17249
vehicle-0613,true,15848,424,15424,15848,15848
vehicle-0614,true,15850,595,15255,15850,15850
vehicle-0615,true,17276,581,16695,17276,17276
vehicle-0616,true,15852,693,15159,15852,15852
vehicle-0617,true,15852,458,15394,15852,15852
vehicle-0618,true,17185,912,16273,17185,17185
vehicle-0619,true,17178,652,16526,17178,17178
vehicle-0620,true,15864,455,15409,15864,15864
vehicle-0621,true,17271,744,16527,17271,17271
vehicle-0622,true,17167,948,16219,17167,17167
vehicle-0623,true,17156,404,16752,17156,17156
vehicle-0624,true,15869,907,14962,15869,15869
vehicle-0625,true,17197,789,16408,17197,17197
vehicle-0626,true,17207,378,16829,17207,17207
vehicle-0627,true,17217,493,16724,17217,17217
vehicle-0628,true,17280,405,16875,17280,17280
vehicle-0629,true,15877,802,15075,15877,15877
vehicle-0630,true,17197,576,16621,17197,17197
vehicle-0631,true,15877,406,15471,15877,15877
vehicle-0632,true,17283,579,16704,17283,17283
vehicle-0633,true,17282,648,16634,17282,17282
vehicle-0634,true,17147,416,16731,17147,17147
vehicle-0635,true,17215,627,16588,17215,17215
vehicle-0636,true,17173,630,16543,17173,17173
vehicle-0637,true,17255,568,16687,17255,17255
vehicle-0638,true,17264,410,16854,17264,17264
vehicle-0639,true,17172,354,16818,17172,17172
vehicle-0640,true,17242,755,16487,17242,17242
vehicle-0641,true,17268,716,16552,17268,17268
vehicle-0642,true,17234,877,16357,17234,17234
vehicle-0643,true,17230,427,16803,17230,17230
vehicle-0644,true,17244,438,16806,17244,17244
vehicle-0645,true,17269,769,16500,17269,17269
vehicle-0646,true,17170,549,16621,17170,17170
vehicle-0647,true,17209,1058,16151,17209,17209
vehicle-0648,true,17180,954,16226,17180,17180
vehicle-0649,true,17269,976,16293,17269,17269
vehicle-0650,true,17278,457,16821,17278,17278
vehicle-0651,true,17225,822,16403,17225,17225
vehicle-0652,true,18612,872,17740,18612,18612
vehicle-0653,true,17268,561,16707,17268,17268
vehicle-0654,true,18687,402,18285,18687,18687
vehicle-0655,true,18735,456,18279,18735,18735
vehicle-0656,true,17293,647,16646,17293,17293
vehicle-0657,true,17287,519,16768,17287,17287
vehicle-0658,true,18587,717,17870,18587,18587
vehicle-0659,true,18682,478,18204,18682,18682
vehicle-0660,true,18633,548,18085,18633,18633
vehicle-0661,true,18694,427,18267,18694,18694
vehicle-0662,true,18600,445,18155,18600,18600
vehicle-0663,true,17270,820,16450,17270,17270
vehicle-0664,true,17293,557,16736,17293,17293
vehicle-0665,true,18697,818,17879,18697,18697
vehicle-0666,true,17294,844,16450,17294,17294
vehicle-0667,true,18732,971,17761,18732,18732
vehicle-0668,true,18689,567,18122,18689,18689
vehicle-0669,true,18703,927,17776,18703,18703
vehicle-0670,true,18623,658,17965,18623,18623
vehicle-0671,true,17300,874,16426,17300,17300
vehicle-0672,true,18734,705,18029,18734,18734
vehicle-0673,true,18603,396,18207,18603,18603
vehicle-0674,true,18688,475,18213,18688,18688
vehicle-0675,true,18678,436,18242,18678,18678
vehicle-0676,true,17309,659,16650,17309,17309
vehicle-0677,true,18732,447,18285,18732,18732
vehicle-0678,true,18685,576,18109,18685,18685
vehicle-0679,true,17313,593,16720,17313,17313
vehicle-0680,true,17313,776,16537,17313,17313
vehicle-0681,true,17314,563,16751,17314,17314
vehicle-0682,true,18725,668,18057,18725,18725
vehicle-0683,true,17314,585,16729,17314,17314
vehicle-0684,true,17315,644,16671,17315,17315
vehicle-0685,true,17323,643,16680,17323,17323
vehicle-0686,true,18729,555,18174,18729,18729
vehicle-0687,true,18705,1011,17694,18705,18705
vehicle-0688,true,18604,418,18186,18604,18604
vehicle-0689,true,18641,559,18082,18641,18641
vehicle-0690,true,18720,728,17992,18720,18720
vehicle-0691,true,18640,463,18177,18640,18640
vehicle-0692,true,18614,382,18232,18614,18614
vehicle-0693,true,18720,466,18254,18720,18720
vehicle-0694,true,18597,478,18119,18597,18597
vehicle-0695,true,18681,453,18228,18681,18681
vehicle-0696,true,18615,460,18155,18615,18615
vehicle-0697,true,18666,396,18270,18666,18666
vehicle-0698,true,18636,1073,17563,18636,18636
vehicle-0699,true,18589,441,18148,18589,18589
vehicle-0700,true,18730,410,18320,18730,18730
vehicle-0701,true,18693,739,17954,18693,18693
vehicle-0702,true,18692,753,17939,18692,18692
vehicle-0703,true,18700,421,18279,18700,18700
vehicle-0704,true,18663,795,17868,18663,18663
vehicle-0705,true,20133,1002,19131,20133,20133
vehicle-0706,true,20066,966,19100,20066,20066
vehicle-0707,true,18726,521,18205,18726,18726
vehicle-0708,true,20130,549,19581,20130,20130
vehicle-0709,true,18708,642,18066,18708,18708
vehicle-0710,true,20157,491,19666,20157,20157
vehicle-0711,true,20062,636,19426,20062,20062
vehicle-0712,true,18711,503,18208,18711,18711
vehicle-0713,true,18733,467,18266,18733,18733
vehicle-0714,true,18737,1017,17720,18737,18737
vehicle-0715,true,20140,589,19551,20140,20140
vehicle-0716,true,18738,549,18189,18738,18738
vehicle-0717,true,20028,494,19534,20028,20028
vehicle-0718,true,20059,899,19160,20059,20059
vehicle-0719,true,18745,439,18306,18745,18745
vehicle-0720,true,18750,755,17995,18750,18750
vehicle-0721,true,20145,494,19651,20145,20145
vehicle-0722,true,20043,485,19558,20043,20043
vehicle-0723,true,20096,906,19190,20096,20096
vehicle-0724,true,20068,1014,19054,20068,20068
vehicle-0725,true,20113,563,19550,20113,20113
vehicle-0726,true,20066,590,19476,20066,20066
vehicle-0727,true,20172,933,19239,20172,20172
vehicle-0728,true,20094,419,19675,20094,20094
vehicle-0729,true,20105,1168,18937,20105,20105
vehicle-0730,true,18753,516,18237,18753,18753
vehicle-0731,true,20147,552,19595,20147,20147
vehicle-0732,true,20048,607,19441,20048,20048
vehicle-0733,true,20047,657,19390,20047,20047
vehicle-0734,true,20035,493,19542,20035,20035
vehicle-0735,true,20121,786,19335,20121,20121
vehicle-0736,true,18756,540,18216,18756,18756
vehicle-0737,true,20025,504,19521,20025,20025
vehicle-0738,true,20055,506,19549,20055,20055
vehicle-0739,true,20087,494,19593,20087,20087
vehicle-0740,true,20164,559,19605,20164,20164
vehicle-0741,true,20027,693,19334,20027,20027
vehicle-0742,true,20150,724,19426,20150,20150
vehicle-0743,true,20175,569,19606,20175,20175
vehicle-0744,true,20071,817,19254,20071,20071
vehicle-0745,true,20080,518,19562,20080,20080
vehicle-0746,true,18782,483,18299,18782,18782
vehicle-0747,true,20100,512,19588,20100,20100
vehicle-0748,true,20046,454,19592,20046,20046
vehicle-0749,true,20108,477,19631,20108,20108
vehicle-0750,true,20134,509,19625,20134,20134
vehicle-0751,true,20086,783,19303,20086,20086
vehicle-0752,true,20105,668,19437,20105,20105
vehicle-0753,true,20089,449,19640,20089,20089
vehicle-0754,true,20091,626,19465,20091,20091
vehicle-0755,true,20116,654,19462,20116,20116
vehicle-0756,true,20125,513,19612,20125,20125
vehicle-0757,true,20161,449,19712,20161,20161
vehicle-0758,true,20163,464,19699,20163,20163
vehicle-0759,true,20131,784,19347,20131,20131
vehicle-0760,true,21472,1003,20469,21472,21472
vehicle-0761,true,21598,1164,20434,21598,21598
vehicle-0762,true,21562,441,21121,21562,21562
vehicle-0763,true,21558,489,21069,21558,21558
vehicle-0764,true,20161,734,19427,20161,20161
vehicle-0765,true,20134,491,19643,20134,20134
vehicle-0766,true,20156,510,19646,20156,20156
vehicle-0767,true,21508,399,21109,21508,21508
vehicle-0768,true,21570,828,20742,21570,21570
vehicle-0769,true,20140,430,19710,20140,20140
vehicle-0770,true,21511,497,21014,21511,21511
vehicle-0771,true,21486,564,20922,21486,21486
vehicle-0772,true,21519,1139,20380,21519,21519
vehicle-0773,true,20174,406,19768,20174,20174
vehicle-0774,true,21602,905,20697,21602,21602
vehicle-0775,true,20161,608,19553,20161,20161
vehicle-0776,true,21579,474,21105,21579,21579
vehicle-0777,true,21590,762,20828,21590,21590
vehicle-0778,true,21612,526,21086,21612,21612
vehicle-0779,true,21490,449,21041,21490,21490
vehicle-0780,true,21511,1025,20486,21511,21511
vehicle-0781,true,21574,507,21067,21574,21574
vehicle-0782,true,21568,573,20995,21568,21568
vehicle-0783,true,20170,817,19353,20170,20170
vehicle-0784,true,21545,610,20935,21545,21545
vehicle-0785,true,21564,405,21159,21564,21564
vehicle-0786,true,20176,819,19357,20176,20176
vehicle-0787,true,21566,440,21126,21566,21566
vehicle-0788,true,20179,511,19668,20179,20179
vehicle-0789,true,21559,1015,20544,21559,21559
vehicle-0790,true,21476,754,20722,21476,21476
vehicle-0791,true,21589,556,21033,21589,21589
vehicle-0792,true,20179,565,19614,20179,20179
vehicle-0793,true,21495,764,20731,21495,21495
vehicle-0794,true,21561,592,20969,21561,21561
vehicle-0795,true,21505,393,21112,21505,21505
vehicle-0796,true,21592,440,21152,21592,21592
vehicle-0797,true,20185,854,19331,20185,20185
vehicle-0798,true,21522,375,21147,21522,21522
vehicle-0799,true,21519,443,21076,21519,21519
vehicle-0800,true,21477,788,20689,21477,21477
vehicle-0801,true,21615,459,21156,21615,21615
vehicle-0802,true,21575,496,21079,21575,21575
vehicle-0803,true,21555,679,20876,21555,21555
vehicle-0804,true,20224,819,19405,20224,20224
vehicle-0805,true,21509,403,21106,21509,21509
vehicle-0806,true,21554,549,21005,21554,21554
vehicle-0807,true,22973,822,22151,22973,22973
vehicle-0808,true,22928,503,22425,22928,22928
vehicle-0809,true,21577,692,20885,21577,21577
vehicle-0810,true,21564,440,21124,21564,21564
vehicle-0811,true,21599,1234,20365,21599,21599
vehicle-0812,true,22928,584,22344,22928,22928
vehicle-0813,true,21600,445,21155,21600,21600
vehicle-0814,true,21604,532,21072,21604,21604
vehicle-0815,true,22935,1023,21912,22935,22935
vehicle-0816,true,21606,582,21024,21606,21606
vehicle-0817,true,21609,707,20902,21609,21609
vehicle-0818,true,22956,672,22284,22956,22956
vehicle-0819,true,21609,431,21178,21609,21609
vehicle-0820,true,21611,416,21195,21611,21611
vehicle-0821,true,22986,459,22527,22986,22986
vehicle-0822,true,22981,559,22422,22981,22981
vehicle-0823,true,23048,437,22611,23048,23048
vehicle-0824,true,22905,576,22329,22905,22905
vehicle-0825,true,22936,435,22501,22936,22936
vehicle-0826,true,23030,774,22256,23030,23030
vehicle-0827,true,23010,733,22277,23010,23010
vehicle-0828,true,22939,443,22496,22939,22939
vehicle-0829,true,22996,716,22280,22996,22996
vehicle-0830,true,21613,483,21130,21613,21613
vehicle-0831,true,21620,1056,20564,21620,21620
vehicle-0832,true,21622,534,21088,21622,21622
vehicle-0833,true,23026,664,22362,23026,23026
vehicle-0834,true,23026,519,22507,23026,23026
vehicle-0835,true,23054,646,22408,23054,23054
vehicle-0836,true,21634,584,21050,21634,21634
vehicle-0837,true,23045,689,22356,23045,23045
vehicle-0838,true,21637,423,21214,21637,21637
vehicle-0839,true,21644,465,21179,21644,21644
vehicle-0840,true,22937,668,22269,22937,22937
vehicle-0841,true,22933,980,21953,22933,22933
vehicle-0842,true,21645,678,20967,21645,21645
vehicle-0843,true,23038,789,22249,23038,23038
vehicle-0844,true,22940,471,22469,22940,22940
vehicle-0845,true,22997,592,22405,22997,22997
vehicle-0846,true,21649,596,21053,21649,21649
vehicle-0847,true,22906,798,22108,22906,22906
vehicle-0848,true,22957,561,22396,22957,22957
vehicle-0849,true,23025,403,22622,23025,23025
vehicle-0850,false,22930,22930,0,22930,22930
vehicle-0851,false,23022,23022,0,23022,23022
vehicle-0852,false,22967,22967,0,22967,22967
vehicle-0853,false,22911,22911,0,22911,22911
vehicle-0854,false,21654,21654,0,21654,21654
vehicle-0855,false,22932,22932,0,22932,22932
vehicle-0856,false,23040,23040,0,23040,23040
vehicle-0857,false,22928,22928,0,22928,22928
vehicle-0858,false,22983,22983,0,22983,22983
vehicle-0859,false,22951,22951,0,22951,22951
vehicle-0860,false,23014,23014,0,23014,23014
vehicle-0861,false,22944,22944,0,22944,22944
vehicle-0862,false,22936,22936,0,22936,22936
vehicle-0863,false,23020,23020,0,23020,23020
vehicle-0864,false,22973,22973,0,22973,22973
vehicle-0865,false,22977,22977,0,22977,22977
vehicle-0866,false,22988,22988,0,22988,22988
vehicle-0867,false,24356,24356,0,24356,24356
vehicle-0868,false,24413,24413,0,24413,24413
vehicle-0869,false,22989,22989,0,22989,22989
vehicle-0870,false,23053,23053,0,23053,23053
vehicle-0871,false,22996,22996,0,22996,22996
vehicle-0872,false,23018,23018,0,23018,23018
vehicle-0873,false,24373,24373,0,24373,24373
vehicle-0874,false,24451,24451,0,24451,24451
vehicle-0875,false,24350,24350,0,24350,24350
vehicle-0876,false,23044,23044,0,23044,23044
vehicle-0877,false,23022,23022,0,23022,23022
vehicle-0878,false,23033,23033,0,23033,23033
vehicle-0879,false,24373,24373,0,24373,24373
vehicle-0880,false,24446,24446,0,24446,24446
vehicle-0881,false,24396,24396,0,24396,24396
vehicle-0882,false,24457,24457,0,24457,24457
vehicle-0883,false,23039,23039,0,23039,23039
vehicle-0884,false,24418,24418,0,24418,24418
vehicle-0885,false,23041,23041,0,23041,23041
vehicle-0886,false,24493,24493,0,24493,24493
vehicle-0887,false,24446,24446,0,24446,24446
vehicle-0888,false,23059,23059,0,23059,23059
vehicle-0889,false,24455,24455,0,24455,24455
vehicle-0890,false,24379,24379,0,24379,24379
vehicle-0891,false,24383,24383,0,24383,24383
vehicle-0892,false,24488,24488,0,24488,24488
vehicle-0893,false,23063,23063,0,23063,23063
vehicle-0894,false,24424,24424,0,24424,24424
vehicle-0895,false,24470,24470,0,24470,24470
vehicle-0896,false,24455,24455,0,24455,24455
vehicle-0897,false,24459,24459,0,24459,24459
vehicle-0898,false,23065,23065,0,23065,23065
vehicle-0899,false,24409,24409,0,24409,24409
vehicle-0900,false,24385,24385,0,24385,24385
vehicle-0901,false,24356,24356,0,24356,24356
vehicle-0902,false,24354,24354,0,24354,24354
vehicle-0903,false,23067,23067,0,23067,23067
vehicle-0904,false,24417,24417,0,24417,24417
vehicle-0905,false,24467,24467,0,24467,24467
vehicle-0906,false,23078,23078,0,23078,23078
vehicle-0907,false,24492,24492,0,24492,24492
vehicle-0908,false,24351,24351,0,24351,24351
vehicle-0909,false,24492,24492,0,24492,24492
vehicle-0910,false,24453,24453,0,24453,24453
vehicle-0911,false,24492,24492,0,24492,24492
vehicle-0912,false,24471,24471,0,24471,24471
vehicle-0913,false,24394,24394,0,24394,24394
vehicle-0914,false,24436,24436,0,24436,24436
vehicle-0915,false,24412,24412,0,24412,24412
vehicle-0916,false,24458,24458,0,24458,24458
vehicle-0917,false,24380,24380,0,24380,24380
vehicle-0918,false,24488,24488,0,24488,24488
vehicle-0919,false,24474,24474,0,24474,24474
vehicle-0920,false,23084,23084,0,23084,23084
vehicle-0921,false,24472,24472,0,24472,24472
vehicle-0922,false,24463,24463,0,24463,24463
vehicle-0923,false,24356,24356,0,24356,24356
vehicle-0924,false,24463,24463,0,24463,24463
vehicle-0925,false,25894,25894,0,25894,25894
vehicle-0926,false,25811,25811,0,25811,25811
vehicle-0927,false,25877,25877,0,25877,25877
vehicle-0928,false,24498,24498,0,24498,24498
vehicle-0929,false,24500,24500,0,24500,24500
vehicle-0930,false,25872,25872,0,25872,25872
vehicle-0931,false,25785,25785,0,25785,25785
vehicle-0932,false,25882,25882,0,25882,25882
vehicle-0933,false,24500,24500,0,24500,24500
vehicle-0934,false,25884,25884,0,25884,25884
vehicle-0935,false,25932,25932,0,25932,25932
vehicle-0936,false,25885,25885,0,25885,25885
vehicle-0937,false,25793,25793,0,25793,25793
vehicle-0938,false,25931,25931,0,25931,25931
vehicle-0939,false,25872,25872,0,25872,25872
vehicle-0940,false,25865,25865,0,25865,25865
vehicle-0941,false,25867,25867,0,25867,25867
vehicle-0942,false,25901,25901,0,25901,25901
vehicle-0943,false,24503,24503,0,24503,24503
vehicle-0944,false,24508,24508,0,24508,24508
vehicle-0945,false,25928,25928,0,25928,25928
vehicle-0946,false,24508,24508,0,24508,24508
vehicle-0947,false,25789,25789,0,25789,25789
vehicle-0948,false,25844,25844,0,25844,25844
vehicle-0949,false,25928,25928,0,25928,25928
vehicle-0950,false,25902,25902,0,25902,25902
vehicle-0951,false,24516,24516,0,24516,24516
vehicle-0952,false,25878,25878,0,25878,25878
vehicle-0953,false,24517,24517,0,24517,24517
vehicle-0954,false,25894,25894,0,25894,25894
vehicle-0955,false,25785,25785,0,25785,25785
vehicle-0956,false,25867,25867,0,25867,25867
vehicle-0957,false,25802,25802,0,25802,25802
vehicle-0958,false,24519,24519,0,24519,24519
vehicle-0959,false,25788,25788,0,25788,25788
vehicle-0960,false,25877,25877,0,25877,25877
vehicle-0961,false,25805,25805,0,25805,25805
vehicle-0962,false,25928,25928,0,25928,25928
vehicle-0963,false,25796,25796,0,25796,25796
vehicle-0964,false,25889,25889,0,25889,25889
vehicle-0965,false,25883,25883,0,25883,25883
vehicle-0966,false,25917,25917,0,25917,25917
vehicle-0967,false,25833,25833,0,25833,25833
vehicle-0968,false,25824,25824,0,25824,25824
vehicle-0969,false,25846,25846,0,25846,25846
vehicle-0970,false,25869,25869,0,25869,25869
vehicle-0971,false,25921,25921,0,25921,25921
vehicle-0972,false,25932,25932,0,25932,25932
vehicle-0973,false,25878,25878,0,25878,25878
vehicle-0974,false,25891,25891,0,25891,25891
vehicle-0975,false,25934,25934,0,25934,25934
vehicle-0976,false,25914,25914,0,25914,25914
vehicle-0977,false,25922,25922,0,25922,25922
vehicle-0978,false,27313,27313,0,27313,27313
vehicle-0979,false,27284,27284,0,27284,27284
vehicle-0980,false,27257,27257,0,27257,27257
vehicle-0981,false,27279,27279,0,27279,27279
vehicle-0982,false,27325,27325,0,27325,27325
vehicle-0983,false,25923,25923,0,25923,25923
vehicle-0984,false,27303,27303,0,27303,27303
vehicle-0985,false,25923,25923,0,25923,25923
vehicle-0986,false,27245,27245,0,27245,27245
vehicle-0987,false,27259,27259,0,27259,27259
vehicle-0988,false,27321,27321,0,27321,27321
vehicle-0989,false,27311,27311,0,27311,27311
vehicle-0990,false,27362,27362,0,27362,27362
vehicle-0991,false,27232,27232,0,27232,27232
vehicle-0992,false,27243,27243,0,27243,27243
vehicle-0993,false,27271,27271,0,27271,27271
vehicle-0994,false,25928,25928,0,25928,25928
vehicle-0995,false,25934,25934,0,25934,25934
vehicle-0996,false,27264,27264,0,27264,27264
vehicle-0997,false,27276,27276,0,27276,27276
vehicle-0998,false,27247,27247,0,27247,27247
vehicle-0999,false,27260,27260,0,27260,27260
