run_id,trial,patch_trigger_ns,validation_complete_ns,scheduled_ns,patch_active_ns,first_protected_request_ns,first_protected_response_ns,rollback_start_ns,rollback_complete_ns,activation_latency_ms,validation_rtt_ms,scheduling_rtt_ms,application_rtt_ms,rollback_latency_ms,protected_response,protected,measurement_scope,pre_activation_warmup_response,task_period_us,task_jitter_us,cpu_load_pct,bus_load_pct,runtime_telemetry_status
patch_activation_20260710,1,2497794296880,2497797036827,2497800899544,2497805066349,2497817720279,2497820509813,2497820579584,2498212343016,10.769469,2.739947,2.762087,3.011280,391.763432,7F2E31,true,host_end_to_end_monotonic,500100321388,,,,,not_instrumented_in_current_firmware
patch_activation_20260710,2,2499348483043,2499351386489,2499355149263,2499359276399,2499372032786,2499374796758,2499374855355,2499754150362,10.793356,2.903446,2.654182,2.994798,379.295007,7F2E31,true,host_end_to_end_monotonic,500100321388,,,,,not_instrumented_in_current_firmware
patch_activation_20260710,3,2500905625270,2500908381071,2500912299661,2500916323571,2500929142117,2500931918382,2500931970344,2501350241525,10.698301,2.755801,2.816842,2.914829,418.271181,7F2E31,true,host_end_to_end_monotonic,500100321388,,,,,not_instrumented_in_current_firmware
patch_activation_20260710,4,2502488127978,2502490962211,2502494818363,2502498752737,2502511703004,2502514531789,2502514577046,2502909513951,10.624759,2.834233,2.780315,2.839820,394.936905,7F2E31,true,host_end_to_end_monotonic,500100321388,,,,,not_instrumented_in_current_firmware
patch_activation_20260710,5,2504043660629,2504046640691,2504050283338,2504054265623,2504067077395,2504069917634,2504069956116,2504477772688,10.604994,2.980062,2.536639,2.889058,407.816572,7F2E31,true,host_end_to_end_monotonic,500100321388,,,,,not_instrumented_in_current_firmware
patch_activation_20260710,6,2505614524820,2505617470449,2505621260252,2505625115356,2505638330462,2505640865634,2505640939946,2506043340883,10.590536,2.945629,2.677788,2.750353,402.400937,7F2E31,true,host_end_to_end_monotonic,500100321388,,,,,not_instrumented_in_current_firmware
patch_activation_20260710,7,2507188351709,2507191114634,2507194984685,2507198866049,2507211806749,2507214599705,2507214640213,2507597682317,10.514340,2.762925,2.768303,2.720531,383.042104,7F2E31,true,host_end_to_end_monotonic,500100321388,,,,,not_instrumented_in_current_firmware
patch_activation_20260710,8,2508740632773,2508743428453,2508747320853,2508751242516,2508764421305,2508766968350,2508767040985,2509154426531,10.609743,2.795680,2.757268,2.815026,387.385546,7F2E31,true,host_end_to_end_monotonic,500100321388,,,,,not_instrumented_in_current_firmware
patch_activation_20260710,9,2510299853304,2510302631943,2510306500667,2510310423238,2510323380351,2510326096342,2510326140203,2510705210859,10.569934,2.778639,2.762715,2.773122,379.070656,7F2E31,true,host_end_to_end_monotonic,500100321388,,,,,not_instrumented_in_current_firmware
patch_activation_20260710,10,2511852722208,2511855332530,2511859170384,2511863067463,2511875960392,2511878764663,2511878807964,2512262733303,10.345255,2.610322,2.718087,2.793516,383.925339,7F2E31,true,host_end_to_end_monotonic,500100321388,,,,,not_instrumented_in_current_firmware
patch_activation_20260710,11,2513407024008,2513409718000,2513413836686,2513417559721,2513430608116,2513433256921,2513433296381,2513804286752,10.535713,2.693992,3.003319,2.612138,370.990371,7F2E31,true,host_end_to_end_monotonic,500100321388,,,,,not_instrumented_in_current_firmware
patch_activation_20260710,12,2514963520949,2514966308249,2514970181861,2514974080477,2514986932479,2514989870986,2514989924345,2515388976783,10.559528,2.787300,2.707122,2.792119,399.052438,7F2E31,true,host_end_to_end_monotonic,500100321388,,,,,not_instrumented_in_current_firmware
patch_activation_20260710,13,2516535668257,2516538472319,2516542381970,2516546295043,2516559267871,2516561978694,2516562058383,2516958801172,10.626786,2.804062,2.804970,2.801338,396.742789,7F2E31,true,host_end_to_end_monotonic,500100321388,,,,,not_instrumented_in_current_firmware
patch_activation_20260710,14,2518097140057,2518099529121,2518103404480,2518107299185,2518120217397,2518123261923,2518123314932,2518509732519,10.159128,2.389064,2.769211,2.790513,386.417587,7F2E31,true,host_end_to_end_monotonic,500100321388,,,,,not_instrumented_in_current_firmware
patch_activation_20260710,15,2519652461723,2519654992565,2519658888737,2519662832331,2519675708988,2519678572135,2519678620745,2520084881742,10.370608,2.530842,2.765230,2.789744,406.260997,7F2E31,true,host_end_to_end_monotonic,500100321388,,,,,not_instrumented_in_current_firmware
patch_activation_20260710,16,2521229719339,2521232141579,2521236051509,2521239938113,2521252846338,2521255638038,2521255691816,2521657299848,10.218774,2.422240,2.794284,2.763973,401.608032,7F2E31,true,host_end_to_end_monotonic,500100321388,,,,,not_instrumented_in_current_firmware
patch_activation_20260710,17,2522802168824,2522805077927,2522808803826,2522812705934,2522825599632,2522828424367,2522828466901,2523232720952,10.537110,2.909103,2.617027,2.805110,404.254051,7F2E31,true,host_end_to_end_monotonic,500100321388,,,,,not_instrumented_in_current_firmware
patch_activation_20260710,18,2524366874603,2524369693820,2524373560589,2524377475199,2524390407869,2524393242452,2524393280446,2524788998628,10.600596,2.819217,2.761389,2.807205,395.718182,7F2E31,true,host_end_to_end_monotonic,500100321388,,,,,not_instrumented_in_current_firmware
patch_activation_20260710,19,2525934287321,2525936996119,2525940878532,2525944828343,2525957742645,2525960509761,2525960572688,2526355283835,10.541022,2.708798,2.755871,2.842196,394.711147,7F2E31,true,host_end_to_end_monotonic,500100321388,,,,,not_instrumented_in_current_firmware
patch_activation_20260710,20,2527505915347,2527508456805,2527512552793,2527516300622,2527529268004,2527531949983,2527531997685,2527930481949,10.385275,2.541458,2.990957,2.633509,398.484264,7F2E31,true,host_end_to_end_monotonic,500100321388,,,,,not_instrumented_in_current_firmware
patch_activation_20260710,21,2529065702628,2529068475122,2529072326805,2529076323758,2529089202721,2529092017748,2529092071177,2529497854574,10.621130,2.772494,2.747421,2.900513,405.783397,7F2E31,true,host_end_to_end_monotonic,500100321388,,,,,not_instrumented_in_current_firmware
patch_activation_20260710,22,2530641569034,2530644384969,2530648275903,2530652146513,2530665042797,2530667839735,2530667883177,2531064629801,10.577479,2.815935,2.784926,2.776475,396.746624,7F2E31,true,host_end_to_end_monotonic,500100321388,,,,,not_instrumented_in_current_firmware
patch_activation_20260710,23,2532207216762,2532210053720,2532213890527,2532217881195,2532230742628,2532233541661,2532233582519,2532629685702,10.664433,2.836958,2.734989,2.889898,396.103183,7F2E31,true,host_end_to_end_monotonic,500100321388,,,,,not_instrumented_in_current_firmware
patch_activation_20260710,24,2533768053424,2533770747416,2533774702954,2533778526631,2533791449594,2533794332787,2533794381536,2534198801161,10.473207,2.693992,2.816145,2.714107,404.419625,7F2E31,true,host_end_to_end_monotonic,500100321388,,,,,not_instrumented_in_current_firmware
patch_activation_20260710,25,2535336757817,2535339484844,2535343375150,2535347323494,2535360400947,2535362996323,2535363069587,2535758955437,10.565677,2.727027,2.770189,2.824177,395.885850,7F2E31,true,host_end_to_end_monotonic,500100321388,,,,,not_instrumented_in_current_firmware
patch_activation_20260710,26,2536899836651,2536902583583,2536906488416,2536910379420,2536923288625,2536926139900,2536926197589,2537325205778,10.542769,2.746932,2.757129,2.787790,399.008189,7F2E31,true,host_end_to_end_monotonic,500100321388,,,,,not_instrumented_in_current_firmware
patch_activation_20260710,27,2538469452460,2538472127246,2538476085996,2538479957235,2538492887812,2538495680840,2538495739506,2538889252788,10.504775,2.674786,2.860844,2.751961,393.513282,7F2E31,true,host_end_to_end_monotonic,500100321388,,,,,not_instrumented_in_current_firmware
patch_activation_20260710,28,2540034567644,2540037351522,2540041269695,2540045191639,2540058119772,2540060867891,2540060911891,2540457671270,10.623995,2.783878,2.817822,2.811256,396.759379,7F2E31,true,host_end_to_end_monotonic,500100321388,,,,,not_instrumented_in_current_firmware
patch_activation_20260710,29,2541598531102,2541601331463,2541605203331,2541609449269,2541622062627,2541624837147,2541624884360,2542042785924,10.918167,2.800361,2.774031,3.144120,417.901564,7F2E31,true,host_end_to_end_monotonic,500100321388,,,,,not_instrumented_in_current_firmware
patch_activation_20260710,30,2543177545130,2543180351148,2543184241035,2543188103684,2543201034541,2543203856902,2543203907048,2543584942416,10.558554,2.806018,2.776754,2.749796,381.035368,7F2E31,true,host_end_to_end_monotonic,500100321388,,,,,not_instrumented_in_current_firmware
patch_activation_20260710,31,2544740234385,2544743042848,2544746957669,2544750791124,2544763699282,2544766576329,2544766616348,2545160223315,10.556739,2.808463,2.828298,2.746863,393.606967,7F2E31,true,host_end_to_end_monotonic,500100321388,,,,,not_instrumented_in_current_firmware
patch_activation_20260710,32,2546298147284,2546300918730,2546304740662,2546308712892,2546321591229,2546324429863,2546324480009,2546727682703,10.565608,2.771446,2.676323,2.871390,403.202694,7F2E31,true,host_end_to_end_monotonic,500100321388,,,,,not_instrumented_in_current_firmware
patch_activation_20260710,33,2547867338687,2547870122216,2547874062320,2547877948505,2547890858620,2547893674346,2547893726238,2548266017272,10.609818,2.783529,2.820685,2.778151,372.291034,7F2E31,true,host_end_to_end_monotonic,500100321388,,,,,not_instrumented_in_current_firmware
patch_activation_20260710,34,2549415150615,2549417948812,2549421934381,2549425739761,2549438612510,2549441435640,2549441482923,2549848293707,10.589146,2.798197,2.899536,2.691619,406.810784,7F2E31,true,host_end_to_end_monotonic,500100321388,,,,,not_instrumented_in_current_firmware
patch_activation_20260710,35,2550994068885,2550996795564,2551000655210,2551004591262,2551017487828,2551020333726,2551020373186,2551426398613,10.522377,2.726679,2.762298,2.841498,406.025427,7F2E31,true,host_end_to_end_monotonic,500100321388,,,,,not_instrumented_in_current_firmware
patch_activation_20260710,36,2552563589812,2552566342123,2552570225026,2552574168412,2552587068540,2552589845015,2552589885942,2552987721769,10.578600,2.752311,2.788698,2.850228,397.835827,7F2E31,true,host_end_to_end_monotonic,500100321388,,,,,not_instrumented_in_current_firmware
patch_activation_20260710,37,2554117659469,2554120422744,2554124326670,2554128192741,2554141154540,2554143936742,2554143979066,2554555778575,10.533272,2.763275,2.806298,2.775218,411.799509,7F2E31,true,host_end_to_end_monotonic,500100321388,,,,,not_instrumented_in_current_firmware
patch_activation_20260710,38,2555692762872,2555695523564,2555699416664,2555703337631,2555716215899,2555719058026,2555719104330,2556115564994,10.574759,2.760692,2.795682,2.827390,396.460664,7F2E31,true,host_end_to_end_monotonic,500100321388,,,,,not_instrumented_in_current_firmware
patch_activation_20260710,39,2557255509051,2557258034377,2557261879147,2557265832171,2557278770852,2557281531753,2557281576452,2557663345980,10.323120,2.525326,2.742952,2.854558,381.769528,7F2E31,true,host_end_to_end_monotonic,500100321388,,,,,not_instrumented_in_current_firmware
patch_activation_20260710,40,2558807599201,2558810401587,2558814343088,2558818384671,2558831112850,2558833925923,2558833980748,2559236777789,10.785470,2.802386,2.843244,2.943117,402.797041,7F2E31,true,host_end_to_end_monotonic,500100321388,,,,,not_instrumented_in_current_firmware
patch_activation_20260710,41,2560369597919,2560372443119,2560376353260,2560380217726,2560393152217,2560395908718,2560395952997,2560777669877,10.619807,2.845200,2.802247,2.730800,381.716880,7F2E31,true,host_end_to_end_monotonic,500100321388,,,,,not_instrumented_in_current_firmware
patch_activation_20260710,42,2561930686208,2561933431256,2561937253886,2561941149571,2561953997738,2561956832950,2561956867592,2562334833646,10.463363,2.745048,2.717460,2.794356,377.966054,7F2E31,true,host_end_to_end_monotonic,500100321388,,,,,not_instrumented_in_current_firmware
patch_activation_20260710,43,2563482126423,2563484833197,2563488729580,2563492629246,2563505618912,2563508376740,2563508414873,2563902133874,10.502823,2.706774,2.801479,2.800083,393.719001,7F2E31,true,host_end_to_end_monotonic,500100321388,,,,,not_instrumented_in_current_firmware
patch_activation_20260710,44,2565048543595,2565051389214,2565055208841,2565059151878,2565072108231,2565074898954,2565074950357,2565478470144,10.608283,2.845619,2.712292,2.832768,403.519787,7F2E31,true,host_end_to_end_monotonic,500100321388,,,,,not_instrumented_in_current_firmware
patch_activation_20260710,45,2566631577466,2566634369027,2566638237823,2566642238969,2566655054800,2566657886870,2566657928356,2567057227979,10.661503,2.791561,2.777314,2.896883,399.299623,7F2E31,true,host_end_to_end_monotonic,500100321388,,,,,not_instrumented_in_current_firmware
patch_activation_20260710,46,2568200488448,2568203387007,2568207484394,2568211153024,2568224041282,2568226815383,2568226855612,2568622745724,10.664576,2.898559,3.004299,2.561434,395.890112,7F2E31,true,host_end_to_end_monotonic,500100321388,,,,,not_instrumented_in_current_firmware
patch_activation_20260710,47,2569764616297,2569767358411,2569771272743,2569775187425,2569788036571,2569790893295,2569790933524,2570186397609,10.571128,2.742114,2.818800,2.818102,395.464085,7F2E31,true,host_end_to_end_monotonic,500100321388,,,,,not_instrumented_in_current_firmware
patch_activation_20260710,48,2571323382095,2571326236934,2571330052929,2571333942119,2571346794688,2571349665799,2571349713361,2571760676662,10.560024,2.854839,2.722768,2.796520,410.963301,7F2E31,true,host_end_to_end_monotonic,500100321388,,,,,not_instrumented_in_current_firmware
patch_activation_20260710,49,2572906518805,2572909412825,2572913273030,2572917189248,2572930047405,2572932919843,2572932963005,2573312522814,10.670443,2.894020,2.757130,2.819288,379.559809,7F2E31,true,host_end_to_end_monotonic,500100321388,,,,,not_instrumented_in_current_firmware
patch_activation_20260710,50,2574461130487,2574463872183,2574467751804,2574471669559,2574484573112,2574487384160,2574487431443,2574894096785,10.539072,2.741696,2.786882,2.819848,406.665342,7F2E31,true,host_end_to_end_monotonic,500100321388,,,,,not_instrumented_in_current_firmware
patch_activation_20260710,51,2576028046297,2576030850710,2576034726979,2576038655140,2576051570916,2576054413882,2576054462002,2576459591959,10.608843,2.804413,2.765511,2.806438,405.129957,7F2E31,true,host_end_to_end_monotonic,500100321388,,,,,not_instrumented_in_current_firmware
patch_activation_20260710,52,2577594124944,2577596826830,2577600725099,2577604606956,2577617502757,2577620405018,2577620452790,2578005790108,10.482012,2.701886,2.787371,2.777175,385.337318,7F2E31,true,host_end_to_end_monotonic,500100321388,,,,,not_instrumented_in_current_firmware
patch_activation_20260710,53,2579153502261,2579156243467,2579160138733,2579164233955,2579176973661,2579179728417,2579179774024,2579582516254,10.731694,2.741206,2.782482,2.973289,402.742230,7F2E31,true,host_end_to_end_monotonic,500100321388,,,,,not_instrumented_in_current_firmware
patch_activation_20260710,54,2580729983769,2580732753471,2580736583855,2580740559648,2580753461875,2580756211672,2580756255463,2581151212474,10.575879,2.769702,2.720254,2.827251,394.957011,7F2E31,true,host_end_to_end_monotonic,500100321388,,,,,not_instrumented_in_current_firmware
patch_activation_20260710,55,2582296371191,2582299101781,2582303047194,2582306934987,2582319823176,2582322559005,2582322598675,2582715388653,10.563796,2.730590,2.798128,2.783740,392.789978,7F2E31,true,host_end_to_end_monotonic,500100321388,,,,,not_instrumented_in_current_firmware
patch_activation_20260710,56,2583858650703,2583861427039,2583865264756,2583869159115,2583882147457,2583884896974,2583884946283,2584284696595,10.508412,2.776336,2.716622,2.789188,399.750312,7F2E31,true,host_end_to_end_monotonic,500100321388,,,,,not_instrumented_in_current_firmware
patch_activation_20260710,57,2585429454179,2585432211239,2585436088556,2585440051499,2585453030273,2585455751365,2585455789429,2585841440716,10.597320,2.757060,2.780248,2.877397,385.651287,7F2E31,true,host_end_to_end_monotonic,500100321388,,,,,not_instrumented_in_current_firmware
patch_activation_20260710,58,2586982153380,2586984862320,2586988758005,2586992634345,2587005590630,2587008440929,2587008486256,2587396046737,10.480965,2.708940,2.792260,2.766070,387.560481,7F2E31,true,host_end_to_end_monotonic,500100321388,,,,,not_instrumented_in_current_firmware
patch_activation_20260710,59,2588544631247,2588547438245,2588551251587,2588555205172,2588568136733,2588570895540,2588570945267,2588978604930,10.573925,2.806998,2.714038,2.824528,407.659663,7F2E31,true,host_end_to_end_monotonic,500100321388,,,,,not_instrumented_in_current_firmware
patch_activation_20260710,60,2590109312216,2590112068788,2590115919286,2590119848636,2590132731937,2590135557023,2590135598439,2590519171753,10.536420,2.756572,2.736876,2.818033,383.573314,7F2E31,true,host_end_to_end_monotonic,500100321388,,,,,not_instrumented_in_current_firmware
patch_activation_20260710,61,2591670365506,2591673110554,2591677037878,2591680900529,2591693910034,2591696684695,2591696743920,2592082844312,10.535023,2.745048,2.826902,2.756642,386.100392,7F2E31,true,host_end_to_end_monotonic,500100321388,,,,,not_instrumented_in_current_firmware
patch_activation_20260710,62,2593234917877,2593237723617,2593241609385,2593245530843,2593258451929,2593261144735,2593261183358,2593654870772,10.612966,2.805740,2.754616,2.802458,393.687414,7F2E31,true,host_end_to_end_monotonic,500100321388,,,,,not_instrumented_in_current_firmware
patch_activation_20260710,63,2594795838027,2594798592015,2594802500272,2594806398473,2594819316835,2594822119851,2594822150861,2595189476908,10.560446,2.753988,2.823130,2.796312,367.326047,7F2E31,true,host_end_to_end_monotonic,500100321388,,,,,not_instrumented_in_current_firmware
patch_activation_20260710,64,2596338191483,2596340689921,2596344816084,2596348490512,2596361328627,2596364175294,2596364219574,2596744862643,10.299029,2.498438,3.032446,2.568838,380.643069,7F2E31,true,host_end_to_end_monotonic,500100321388,,,,,not_instrumented_in_current_firmware
patch_activation_20260710,65,2597885633609,2597888341362,2597892261562,2597896161718,2597909157116,2597911965580,2597912052393,2598304760928,10.528109,2.707753,2.802178,2.795823,392.708535,7F2E31,true,host_end_to_end_monotonic,500100321388,,,,,not_instrumented_in_current_firmware
patch_activation_20260710,66,2599444048830,2599446829986,2599450655481,2599454618983,2599467584838,2599470313474,2599470362712,2599855186013,10.570153,2.781156,2.721721,2.856724,384.823301,7F2E31,true,host_end_to_end_monotonic,500100321388,,,,,not_instrumented_in_current_firmware
patch_activation_20260710,67,2600999815125,2601002570580,2601006446361,2601010338486,2601023281433,2601026063986,2601026108894,2601439477939,10.523361,2.755455,2.756921,2.760344,413.369045,7F2E31,true,host_end_to_end_monotonic,500100321388,,,,,not_instrumented_in_current_firmware
patch_activation_20260710,68,2602590876801,2602593623735,2602597539187,2602601515051,2602614335985,2602617144520,2602617177135,2603011301164,10.638250,2.746934,2.811328,2.862382,394.124029,7F2E31,true,host_end_to_end_monotonic,500100321388,,,,,not_instrumented_in_current_firmware
patch_activation_20260710,69,2604148528935,2604151297240,2604155179447,2604159146372,2604172034424,2604174848406,2604174883816,2604582237847,10.617437,2.768305,2.795683,2.880611,407.354031,7F2E31,true,host_end_to_end_monotonic,500100321388,,,,,not_instrumented_in_current_firmware
patch_activation_20260710,70,2605727585891,2605730421524,2605734199108,2605738189150,2605751177216,2605754025350,2605754073052,2606153294611,10.603259,2.835633,2.684845,2.900655,399.221559,7F2E31,true,host_end_to_end_monotonic,500100321388,,,,,not_instrumented_in_current_firmware
patch_activation_20260710,71,2607297144294,2607299994315,2607303899010,2607307810062,2607320692108,2607323767227,2607323821005,2607708246589,10.665768,2.850021,2.797150,2.831093,384.425584,7F2E31,true,host_end_to_end_monotonic,500100321388,,,,,not_instrumented_in_current_firmware
patch_activation_20260710,72,2608857376023,2608860183370,2608864109857,2608868064280,2608880868104,2608883664975,2608883695007,2609308800450,10.688257,2.807347,2.835214,2.846528,425.105443,7F2E31,true,host_end_to_end_monotonic,500100321388,,,,,not_instrumented_in_current_firmware
patch_activation_20260710,73,2610444720369,2610447418764,2610451380660,2610455345350,2610468098539,2610470914966,2610470943112,2610865371050,10.624981,2.698395,2.866433,2.869506,394.427938,7F2E31,true,host_end_to_end_monotonic,500100321388,,,,,not_instrumented_in_current_firmware
patch_activation_20260710,74,2612005888789,2612008733641,2612012565422,2612016539541,2612029492407,2612032258338,2612032309812,2612425825349,10.650752,2.844852,2.718089,2.871462,393.515537,7F2E31,true,host_end_to_end_monotonic,500100321388,,,,,not_instrumented_in_current_firmware
patch_activation_20260710,75,2613570290753,2613573247003,2613576682155,2613580614229,2613593564371,2613596318779,2613596368645,2613978403089,10.323476,2.956250,2.341994,2.833259,382.034444,7F2E31,true,host_end_to_end_monotonic,500100321388,,,,,not_instrumented_in_current_firmware
patch_activation_20260710,76,2615123754450,2615126534629,2615130417116,2615134324885,2615147248418,2615150070502,2615150121137,2615534613868,10.570435,2.780179,2.771239,2.801969,384.492731,7F2E31,true,host_end_to_end_monotonic,500100321388,,,,,not_instrumented_in_current_firmware
patch_activation_20260710,77,2616692186732,2616695023273,2616698961563,2616702831199,2616715719672,2616718572067,2616718626893,2617106802648,10.644467,2.836541,2.778852,2.787442,388.175755,7F2E31,true,host_end_to_end_monotonic,500100321388,,,,,not_instrumented_in_current_firmware
patch_activation_20260710,78,2618245318869,2618248258775,2618252056405,2618255932745,2618268831415,2618271589455,2618271635061,2618672309929,10.613876,2.939906,2.699024,2.765442,400.674868,7F2E31,true,host_end_to_end_monotonic,500100321388,,,,,not_instrumented_in_current_firmware
patch_activation_20260710,79,2619814645097,2619817414660,2619821273052,2619825194580,2619838213727,2619840842350,2619840876782,2620237442394,10.549483,2.769563,2.758877,2.817614,396.565612,7F2E31,true,host_end_to_end_monotonic,500100321388,,,,,not_instrumented_in_current_firmware
patch_activation_20260710,80,2621384048595,2621386772971,2621390644911,2621394564205,2621407493605,2621410250108,2621410300953,2621791843881,10.515610,2.724376,2.767747,2.809024,381.542928,7F2E31,true,host_end_to_end_monotonic,500100321388,,,,,not_instrumented_in_current_firmware
patch_activation_20260710,81,2622940654015,2622943373642,2622947252287,2622951208806,2622964130594,2622966899110,2622966949326,2623372898920,10.554791,2.719627,2.784439,2.846808,405.949594,7F2E31,true,host_end_to_end_monotonic,500100321388,,,,,not_instrumented_in_current_firmware
patch_activation_20260710,82,2624508278348,2624511083391,2624514958474,2624518908847,2624531770991,2624534591259,2624534632675,2624940597219,10.630499,2.805043,2.775709,2.830535,405.964544,7F2E31,true,host_end_to_end_monotonic,500100321388,,,,,not_instrumented_in_current_firmware
patch_activation_20260710,83,2626082035132,2626084859800,2626088758421,2626092666819,2626105546423,2626108432342,2626108483606,2626511142072,10.631687,2.824668,2.787792,2.796103,402.658466,7F2E31,true,host_end_to_end_monotonic,500100321388,,,,,not_instrumented_in_current_firmware
patch_activation_20260710,84,2627654659880,2627657396618,2627661247956,2627665191275,2627678050555,2627680832131,2627680880182,2628064342167,10.531395,2.736738,2.746167,2.836402,383.461985,7F2E31,true,host_end_to_end_monotonic,500100321388,,,,,not_instrumented_in_current_firmware
patch_activation_20260710,85,2629203042328,2629206074425,2629209694239,2629213602358,2629226523937,2629229317945,2629229368999,2629612819466,10.560030,3.032097,2.509893,2.801062,383.450467,7F2E31,true,host_end_to_end_monotonic,500100321388,,,,,not_instrumented_in_current_firmware
patch_activation_20260710,86,2630767044354,2630769829422,2630773706671,2630777615907,2630790512344,2630793334707,2630793376054,2631189891072,10.571553,2.785068,2.786884,2.811677,396.515018,7F2E31,true,host_end_to_end_monotonic,500100321388,,,,,not_instrumented_in_current_firmware
patch_activation_20260710,87,2632340071108,2632342825306,2632346752701,2632350648877,2632363534349,2632366371100,2632366414472,2632769535241,10.577769,2.754198,2.829138,2.792052,403.120769,7F2E31,true,host_end_to_end_monotonic,500100321388,,,,,not_instrumented_in_current_firmware
patch_activation_20260710,88,2633903659996,2633906452607,2633910290396,2633914216254,2633927200761,2633929938896,2633929993093,2634329869663,10.556258,2.792611,2.728567,2.766769,399.876570,7F2E31,true,host_end_to_end_monotonic,500100321388,,,,,not_instrumented_in_current_firmware
patch_activation_20260710,89,2635489246667,2635491996954,2635495922673,2635499943866,2635512748601,2635515592755,2635515649117,2635906465576,10.697199,2.750287,2.740928,2.881729,390.816459,7F2E31,true,host_end_to_end_monotonic,500100321388,,,,,not_instrumented_in_current_firmware
patch_activation_20260710,90,2637045389661,2637048163345,2637052116722,2637055998511,2637068976593,2637071766900,2637071817954,2637457638240,10.608850,2.773684,2.860707,2.783253,385.820286,7F2E31,true,host_end_to_end_monotonic,500100321388,,,,,not_instrumented_in_current_firmware
patch_activation_20260710,91,2638595749805,2638598576918,2638602372244,2638606268211,2638619144045,2638621981774,2638622041837,2639022764971,10.518406,2.827113,2.700980,2.779412,400.723134,7F2E31,true,host_end_to_end_monotonic,500100321388,,,,,not_instrumented_in_current_firmware
patch_activation_20260710,92,2640162685936,2640165410801,2640169257809,2640173195123,2640186071306,2640188880470,2640188921327,2640597327589,10.509187,2.724865,2.741696,2.829488,408.406262,7F2E31,true,host_end_to_end_monotonic,500100321388,,,,,not_instrumented_in_current_firmware
patch_activation_20260710,93,2641727822415,2641730618658,2641734545634,2641738485951,2641751298020,2641754151324,2641754186454,2642138896556,10.663536,2.796243,2.815938,2.846250,384.710102,7F2E31,true,host_end_to_end_monotonic,500100321388,,,,,not_instrumented_in_current_firmware
patch_activation_20260710,94,2643276605324,2643279290869,2643283200385,2643287149641,2643299997819,2643302820672,2643302871027,2643685605739,10.544317,2.685545,2.745049,2.838776,382.734712,7F2E31,true,host_end_to_end_monotonic,500100321388,,,,,not_instrumented_in_current_firmware
patch_activation_20260710,95,2644841964641,2644844783792,2644848641556,2644852609599,2644865470418,2644868242077,2644868281747,2645244938440,10.644958,2.819151,2.752173,2.836751,376.656693,7F2E31,true,host_end_to_end_monotonic,500100321388,,,,,not_instrumented_in_current_firmware
patch_activation_20260710,96,2646394430545,2646397238731,2646401089232,2646405019142,2646417922774,2646420748909,2646420804713,2646828887351,10.588597,2.808186,2.740161,2.832142,408.082638,7F2E31,true,host_end_to_end_monotonic,500100321388,,,,,not_instrumented_in_current_firmware
patch_activation_20260710,97,2647969024694,2647971719528,2647975622828,2647979488834,2647992416352,2647995255827,2647995310233,2648397139343,10.464140,2.694834,2.799735,2.715437,401.829110,7F2E31,true,host_end_to_end_monotonic,500100321388,,,,,not_instrumented_in_current_firmware
patch_activation_20260710,98,2649531433834,2649534227074,2649538111727,2649542025784,2649554902457,2649557726847,2649557767494,2649947922464,10.591950,2.793240,2.763836,2.819291,390.154970,7F2E31,true,host_end_to_end_monotonic,500100321388,,,,,not_instrumented_in_current_firmware
patch_activation_20260710,99,2651095425393,2651098230297,2651102153223,2651106039901,2651118959528,2651121777422,2651121829803,2651506341868,10.614508,2.804904,2.794288,2.781786,384.512065,7F2E31,true,host_end_to_end_monotonic,500100321388,,,,,not_instrumented_in_current_firmware
patch_activation_20260710,100,2652651264937,2652653997275,2652657878436,2652661821617,2652674717287,2652677596433,2652677638338,2653062071695,10.556680,2.732338,2.721932,2.800085,384.433357,7F2E31,true,host_end_to_end_monotonic,500100321388,,,,,not_instrumented_in_current_firmware
