source_line,timestamp_us,can_id_hex,dlc,data_hex,uds_payload_hex
1,214120332,0x7E0,8,072E123451BFC797,2E123451BFC797
2,214124405,0x7E8,8,036E123400000000,6E1234
3,214135684,0x7E0,8,062E1234A6884D00,2E1234A6884D
4,214139763,0x7E8,8,036E123400000000,6E1234
5,214150358,0x7E0,8,052E12343D470000,2E12343D47
6,214154439,0x7E8,8,036E123400000000,6E1234
7,214164967,0x7E0,8,052E1234DB0F0000,2E1234DB0F
8,214169055,0x7E8,8,036E123400000000,6E1234
9,214179582,0x7E0,8,042EF187AA000000,2EF187AA
10,214183667,0x7E8,8,037F2E3100000000,7F2E31
11,214194170,0x7E0,8,052E1234DCD20000,2E1234DCD2
12,214198252,0x7E8,8,036E123400000000,6E1234
13,214208609,0x7E0,8,062E1001646EAA00,2E1001646EAA
14,214212690,0x7E8,8,037F2E3100000000,7F2E31
15,214223347,0x7E0,8,052E1234A4180000,2E1234A418
16,214227427,0x7E8,8,036E123400000000,6E1234
17,214238124,0x7E0,8,042E12349B000000,2E12349B
18,214242211,0x7E8,8,036E123400000000,6E1234
19,214252603,0x7E0,8,062E123474F27A00,2E123474F27A
20,214256680,0x7E8,8,036E123400000000,6E1234
21,214267500,0x7E0,8,062E123413800300,2E1234138003
22,214271581,0x7E8,8,036E123400000000,6E1234
23,214283102,0x7E0,8,042E12349B000000,2E12349B
24,214287189,0x7E8,8,036E123400000000,6E1234
25,214298677,0x7E0,8,052E1234282D0000,2E1234282D
26,214302759,0x7E8,8,036E123400000000,6E1234
27,214313217,0x7E0,8,062E123491445800,2E1234914458
28,214317299,0x7E8,8,036E123400000000,6E1234
29,214327721,0x7E0,8,072E12349D4D3CD1,2E12349D4D3CD1
30,214331796,0x7E8,8,036E123400000000,6E1234
31,214342408,0x7E0,8,062E12340A8F6800,2E12340A8F68
32,214346488,0x7E8,8,036E123400000000,6E1234
33,214358861,0x7E0,8,072EF187CC6DD733,2EF187CC6DD733
34,214362936,0x7E8,8,037F2E3100000000,7F2E31
35,214373599,0x7E0,8,072E1234CCD62A9A,2E1234CCD62A9A
36,214377671,0x7E8,8,036E123400000000,6E1234
37,214388424,0x7E0,8,042E123422000000,2E123422
38,214392509,0x7E8,8,036E123400000000,6E1234
39,214402885,0x7E0,8,072E1234E6743AE5,2E1234E6743AE5
40,214406960,0x7E8,8,036E123400000000,6E1234
41,214417606,0x7E0,8,052E12344EBC0000,2E12344EBC
42,214421687,0x7E8,8,036E123400000000,6E1234
43,214432316,0x7E0,8,072E1234C7772B85,2E1234C7772B85
44,214436388,0x7E8,8,036E123400000000,6E1234
45,214447097,0x7E0,8,052E1234983A0000,2E1234983A
46,214451179,0x7E8,8,036E123400000000,6E1234
47,214462885,0x7E0,8,042E123436000000,2E123436
48,214466972,0x7E8,8,036E123400000000,6E1234
49,214478074,0x7E0,8,062E2222A479EC00,2E2222A479EC
50,214482153,0x7E8,8,037F2E3100000000,7F2E31
51,214492748,0x7E0,8,072E1234D12259BA,2E1234D12259BA
52,214496823,0x7E8,8,036E123400000000,6E1234
53,214507317,0x7E0,8,052E333370960000,2E33337096
54,214511397,0x7E8,8,037F2E3100000000,7F2E31
55,214522423,0x7E0,8,072E12341C67C18C,2E12341C67C18C
56,214526496,0x7E8,8,036E123400000000,6E1234
57,214537567,0x7E0,8,062E10019EA9FE00,2E10019EA9FE
58,214541648,0x7E8,8,037F2E3100000000,7F2E31
59,214552195,0x7E0,8,032E123400000000,2E1234
60,214556289,0x7E8,8,037F2E1300000000,7F2E13
61,214566902,0x7E0,8,052E1234810E0000,2E1234810E
62,214570989,0x7E8,8,036E123400000000,6E1234
63,214581478,0x7E0,8,052E1234C2270000,2E1234C227
64,214585558,0x7E8,8,036E123400000000,6E1234
65,214596261,0x7E0,8,052E1234ED520000,2E1234ED52
66,214600344,0x7E8,8,036E123400000000,6E1234
67,214610827,0x7E0,8,072E1234427CA6A2,2E1234427CA6A2
68,214614902,0x7E8,8,036E123400000000,6E1234
69,214625430,0x7E0,8,042E1234E4000000,2E1234E4
70,214629514,0x7E8,8,036E123400000000,6E1234
71,214640021,0x7E0,8,042EF1870C000000,2EF1870C
72,214644112,0x7E8,8,037F2E3100000000,7F2E31
73,214654600,0x7E0,8,062E1234DB9A2D00,2E1234DB9A2D
74,214658677,0x7E8,8,036E123400000000,6E1234
75,214669174,0x7E0,8,042E1234C0000000,2E1234C0
76,214673261,0x7E8,8,036E123400000000,6E1234
77,214683820,0x7E0,8,042E12343E000000,2E12343E
78,214687907,0x7E8,8,036E123400000000,6E1234
79,214698435,0x7E0,8,052E333331120000,2E33333112
80,214702515,0x7E8,8,037F2E3100000000,7F2E31
81,214713328,0x7E0,8,042E1234DC000000,2E1234DC
82,214717412,0x7E8,8,036E123400000000,6E1234
83,214728222,0x7E0,8,042E1234AA000000,2E1234AA
84,214732311,0x7E8,8,036E123400000000,6E1234
85,214743494,0x7E0,8,062E1234C2E73F00,2E1234C2E73F
86,214747571,0x7E8,8,036E123400000000,6E1234
87,214758088,0x7E0,8,042E222207000000,2E222207
88,214762179,0x7E8,8,037F2E3100000000,7F2E31
89,214773056,0x7E0,8,062E1234DA1B9E00,2E1234DA1B9E
90,214777134,0x7E8,8,036E123400000000,6E1234
91,214789049,0x7E0,8,052E1234DE4A0000,2E1234DE4A
92,214793131,0x7E8,8,036E123400000000,6E1234
93,214803828,0x7E0,8,042E12343F000000,2E12343F
94,214807914,0x7E8,8,036E123400000000,6E1234
95,214818594,0x7E0,8,042E1234AA000000,2E1234AA
96,214822678,0x7E8,8,036E123400000000,6E1234
97,214833667,0x7E0,8,062E12342126FE00,2E12342126FE
98,214837746,0x7E8,8,036E123400000000,6E1234
99,214848881,0x7E0,8,062EF1872F79FD00,2EF1872F79FD
100,214852960,0x7E8,8,037F2E3100000000,7F2E31
101,214863556,0x7E0,8,062E123458758000,2E1234587580
102,214867632,0x7E8,8,036E123400000000,6E1234
103,214878186,0x7E0,8,062E2222143F8900,2E2222143F89
104,214882264,0x7E8,8,037F2E3100000000,7F2E31
105,214893111,0x7E0,8,052E123463E30000,2E123463E3
106,214897194,0x7E8,8,036E123400000000,6E1234
107,214908394,0x7E0,8,042E1234E4000000,2E1234E4
108,214912478,0x7E8,8,036E123400000000,6E1234
109,214923254,0x7E0,8,062E10013EF7EE00,2E10013EF7EE
110,214927338,0x7E8,8,037F2E3100000000,7F2E31
111,214938758,0x7E0,8,062E12347D256E00,2E12347D256E
112,214942837,0x7E8,8,036E123400000000,6E1234
113,214954993,0x7E0,8,042E123498000000,2E123498
114,214959080,0x7E8,8,036E123400000000,6E1234
115,214971666,0x7E0,8,042E123470000000,2E123470
116,214975753,0x7E8,8,036E123400000000,6E1234
117,214986416,0x7E0,8,062E123470FABC00,2E123470FABC
118,214990492,0x7E8,8,036E123400000000,6E1234
119,215001048,0x7E0,8,042E123478000000,2E123478
120,215005134,0x7E8,8,036E123400000000,6E1234
121,215017366,0x7E0,8,062E1234DEF78D00,2E1234DEF78D
122,215021443,0x7E8,8,036E123400000000,6E1234
123,215032312,0x7E0,8,042E1234BC000000,2E1234BC
124,215036396,0x7E8,8,036E123400000000,6E1234
125,215046992,0x7E0,8,072E1234D2FDC477,2E1234D2FDC477
126,215051067,0x7E8,8,036E123400000000,6E1234
127,215061876,0x7E0,8,072E12348A161503,2E12348A161503
128,215065956,0x7E8,8,036E123400000000,6E1234
129,215077302,0x7E0,8,072E1234074CBE76,2E1234074CBE76
130,215081378,0x7E8,8,036E123400000000,6E1234
131,215091912,0x7E0,8,072E123420D73E85,2E123420D73E85
132,215095987,0x7E8,8,036E123400000000,6E1234
133,215106475,0x7E0,8,052E123408F70000,2E123408F7
134,215110560,0x7E8,8,036E123400000000,6E1234
135,215121311,0x7E0,8,042E123436000000,2E123436
136,215125395,0x7E8,8,036E123400000000,6E1234
137,215135839,0x7E0,8,042E123436000000,2E123436
138,215139926,0x7E8,8,036E123400000000,6E1234
139,215150437,0x7E0,8,062E1234C47C3900,2E1234C47C39
140,215154514,0x7E8,8,036E123400000000,6E1234
141,215165042,0x7E0,8,052E100124790000,2E10012479
142,215169129,0x7E8,8,037F2E3100000000,7F2E31
143,215179680,0x7E0,8,052E1234DB880000,2E1234DB88
144,215183762,0x7E8,8,036E123400000000,6E1234
145,215194599,0x7E0,8,042E123409000000,2E123409
146,215198688,0x7E8,8,036E123400000000,6E1234
147,215211601,0x7E0,8,042E123463000000,2E123463
148,215215685,0x7E8,8,036E123400000000,6E1234
149,215226585,0x7E0,8,042E12347B000000,2E12347B
150,215230669,0x7E8,8,036E123400000000,6E1234
151,215241121,0x7E0,8,042E1234E9000000,2E1234E9
152,215245208,0x7E8,8,036E123400000000,6E1234
153,215255792,0x7E0,8,052E100185940000,2E10018594
154,215259879,0x7E8,8,037F2E3100000000,7F2E31
155,215274184,0x7E0,8,072E1234F8B1A97C,2E1234F8B1A97C
156,215278259,0x7E8,8,036E123400000000,6E1234
157,215289980,0x7E0,8,072E12342468EC40,2E12342468EC40
158,215294055,0x7E8,8,036E123400000000,6E1234
159,215304594,0x7E0,8,052E123464EB0000,2E123464EB
160,215308674,0x7E8,8,036E123400000000,6E1234
161,215319166,0x7E0,8,072EF187B51A6240,2EF187B51A6240
162,215323240,0x7E8,8,037F2E3100000000,7F2E31
163,215333918,0x7E0,8,042E12344D000000,2E12344D
164,215338005,0x7E8,8,036E123400000000,6E1234
165,215348752,0x7E0,8,042E1234D4000000,2E1234D4
166,215352839,0x7E8,8,036E123400000000,6E1234
167,215364148,0x7E0,8,052E222240320000,2E22224032
168,215368231,0x7E8,8,037F2E3100000000,7F2E31
169,215378819,0x7E0,8,042E123419000000,2E123419
170,215382906,0x7E8,8,036E123400000000,6E1234
171,215393406,0x7E0,8,052E123404760000,2E12340476
172,215397491,0x7E8,8,036E123400000000,6E1234
173,215408262,0x7E0,8,062E1234241D8B00,2E1234241D8B
174,215412341,0x7E8,8,036E123400000000,6E1234
175,215423868,0x7E0,8,052E1234D3DF0000,2E1234D3DF
176,215427950,0x7E8,8,036E123400000000,6E1234
177,215439266,0x7E0,8,052E222217C90000,2E222217C9
178,215443349,0x7E8,8,037F2E3100000000,7F2E31
179,215453967,0x7E0,8,062E123436D1F800,2E123436D1F8
180,215458046,0x7E8,8,036E123400000000,6E1234
181,215468664,0x7E0,8,042E1234FD000000,2E1234FD
182,215472751,0x7E8,8,036E123400000000,6E1234
183,215483471,0x7E0,8,042E123403000000,2E123403
184,215487560,0x7E8,8,036E123400000000,6E1234
185,215499008,0x7E0,8,042E123435000000,2E123435
186,215503095,0x7E8,8,036E123400000000,6E1234
187,215513455,0x7E0,8,042E1234B8000000,2E1234B8
188,215517539,0x7E8,8,036E123400000000,6E1234
189,215528509,0x7E0,8,042E123484000000,2E123484
190,215532594,0x7E8,8,036E123400000000,6E1234
191,215544315,0x7E0,8,052E222267670000,2E22226767
192,215548396,0x7E8,8,037F2E3100000000,7F2E31
193,215559647,0x7E0,8,052E1234F55C0000,2E1234F55C
194,215563729,0x7E8,8,036E123400000000,6E1234
195,215574932,0x7E0,8,062E1234CD687600,2E1234CD6876
196,215579011,0x7E8,8,036E123400000000,6E1234
197,215589668,0x7E0,8,052E33334BEB0000,2E33334BEB
198,215593751,0x7E8,8,037F2E3100000000,7F2E31
199,215604198,0x7E0,8,072E123439CA809D,2E123439CA809D
200,215608273,0x7E8,8,036E123400000000,6E1234
201,215618872,0x7E0,8,042E123412000000,2E123412
202,215622959,0x7E8,8,036E123400000000,6E1234
203,215633661,0x7E0,8,062E1234C7B44400,2E1234C7B444
204,215637740,0x7E8,8,036E123400000000,6E1234
205,215648158,0x7E0,8,042E123453000000,2E123453
206,215652245,0x7E8,8,036E123400000000,6E1234
207,215663414,0x7E0,8,072E123414898FC8,2E123414898FC8
208,215667487,0x7E8,8,036E123400000000,6E1234
209,215678345,0x7E0,8,052E12340CC50000,2E12340CC5
210,215682430,0x7E8,8,036E123400000000,6E1234
211,215693372,0x7E0,8,032E123400000000,2E1234
212,215697460,0x7E8,8,037F2E1300000000,7F2E13
213,215708802,0x7E0,8,032E123400000000,2E1234
214,215712893,0x7E8,8,037F2E1300000000,7F2E13
215,215723192,0x7E0,8,072E12345C9BF38D,2E12345C9BF38D
216,215727267,0x7E8,8,036E123400000000,6E1234
217,215737899,0x7E0,8,052E333351730000,2E33335173
218,215741982,0x7E8,8,037F2E3100000000,7F2E31
219,215752526,0x7E0,8,032E123400000000,2E1234
220,215756615,0x7E8,8,037F2E1300000000,7F2E13
221,215767227,0x7E0,8,052E123422720000,2E12342272
222,215771312,0x7E8,8,036E123400000000,6E1234
223,215781791,0x7E0,8,062E1001DD6E1C00,2E1001DD6E1C
224,215785874,0x7E8,8,037F2E3100000000,7F2E31
225,215796728,0x7E0,8,052E1234F9700000,2E1234F970
226,215800811,0x7E8,8,036E123400000000,6E1234
227,215812114,0x7E0,8,042E12340A000000,2E12340A
228,215816206,0x7E8,8,036E123400000000,6E1234
229,215826981,0x7E0,8,052E1234D06F0000,2E1234D06F
230,215831064,0x7E8,8,036E123400000000,6E1234
231,215842505,0x7E0,8,062E12341236A300,2E12341236A3
232,215846582,0x7E8,8,036E123400000000,6E1234
233,215857569,0x7E0,8,072E1234E7723CE0,2E1234E7723CE0
234,215861641,0x7E8,8,036E123400000000,6E1234
235,215872557,0x7E0,8,062E12342CC61300,2E12342CC613
236,215876634,0x7E8,8,036E123400000000,6E1234
237,215887255,0x7E0,8,072E1234B1D98B52,2E1234B1D98B52
238,215891330,0x7E8,8,036E123400000000,6E1234
239,215901746,0x7E0,8,042E12342B000000,2E12342B
240,215905833,0x7E8,8,036E123400000000,6E1234
241,215916761,0x7E0,8,062E2222813D4F00,2E2222813D4F
242,215920839,0x7E8,8,037F2E3100000000,7F2E31
243,215932366,0x7E0,8,042E12341F000000,2E12341F
244,215936450,0x7E8,8,036E123400000000,6E1234
245,215948016,0x7E0,8,062E1234FA8A1E00,2E1234FA8A1E
246,215952095,0x7E8,8,036E123400000000,6E1234
247,215963678,0x7E0,8,072E1234A8FE9590,2E1234A8FE9590
248,215967753,0x7E8,8,036E123400000000,6E1234
249,215979125,0x7E0,8,072E123400196F92,2E123400196F92
250,215983203,0x7E8,8,036E123400000000,6E1234
251,215993996,0x7E0,8,042E1234CA000000,2E1234CA
252,215998083,0x7E8,8,036E123400000000,6E1234
253,216009356,0x7E0,8,042E1001DB000000,2E1001DB
254,216013444,0x7E8,8,037F2E3100000000,7F2E31
255,216023938,0x7E0,8,062E123486334300,2E1234863343
256,216028016,0x7E8,8,036E123400000000,6E1234
257,216038499,0x7E0,8,052E1234EEEE0000,2E1234EEEE
258,216042579,0x7E8,8,036E123400000000,6E1234
259,216053142,0x7E0,8,052E123444E00000,2E123444E0
260,216057225,0x7E8,8,036E123400000000,6E1234
261,216067831,0x7E0,8,052E12349A320000,2E12349A32
262,216071914,0x7E8,8,036E123400000000,6E1234
263,216082689,0x7E0,8,052E12346F990000,2E12346F99
264,216086772,0x7E8,8,036E123400000000,6E1234
265,216099109,0x7E0,8,062E2222CBF98200,2E2222CBF982
266,216103188,0x7E8,8,037F2E3100000000,7F2E31
267,216113879,0x7E0,8,042E1234F8000000,2E1234F8
268,216117966,0x7E8,8,036E123400000000,6E1234
269,216129700,0x7E0,8,032E123400000000,2E1234
270,216133791,0x7E8,8,037F2E1300000000,7F2E13
271,216145163,0x7E0,8,052E123423B80000,2E123423B8
272,216149246,0x7E8,8,036E123400000000,6E1234
273,216160534,0x7E0,8,062E123441FEEC00,2E123441FEEC
274,216164611,0x7E8,8,036E123400000000,6E1234
275,216175212,0x7E0,8,042E123414000000,2E123414
276,216179302,0x7E8,8,036E123400000000,6E1234
277,216189746,0x7E0,8,032E123400000000,2E1234
278,216193837,0x7E8,8,037F2E1300000000,7F2E13
279,216204387,0x7E0,8,052E1234249F0000,2E1234249F
280,216208468,0x7E8,8,036E123400000000,6E1234
281,216218974,0x7E0,8,062E123432B6DE00,2E123432B6DE
282,216223053,0x7E8,8,036E123400000000,6E1234
283,216233682,0x7E0,8,062E1234B3299B00,2E1234B3299B
284,216237761,0x7E8,8,036E123400000000,6E1234
285,216248553,0x7E0,8,062E1001FF17B300,2E1001FF17B3
286,216252634,0x7E8,8,037F2E3100000000,7F2E31
287,216263899,0x7E0,8,072E12341412A5C3,2E12341412A5C3
288,216267974,0x7E8,8,036E123400000000,6E1234
289,216278513,0x7E0,8,052E2222CF8F0000,2E2222CF8F
290,216282593,0x7E8,8,037F2E3100000000,7F2E31
291,216294843,0x7E0,8,052E1234D1E40000,2E1234D1E4
292,216298926,0x7E8,8,036E123400000000,6E1234
293,216309791,0x7E0,8,062E123435121100,2E1234351211
294,216313869,0x7E8,8,036E123400000000,6E1234
295,216324352,0x7E0,8,072E123488FD7C0F,2E123488FD7C0F
296,216328428,0x7E8,8,036E123400000000,6E1234
297,216339108,0x7E0,8,052E123406070000,2E12340607
298,216343200,0x7E8,8,036E123400000000,6E1234
299,216353750,0x7E0,8,052E1234400F0000,2E1234400F
300,216357838,0x7E8,8,036E123400000000,6E1234
301,216368337,0x7E0,8,052E1234900C0000,2E1234900C
302,216372421,0x7E8,8,036E123400000000,6E1234
303,216383068,0x7E0,8,062E1234DF82CE00,2E1234DF82CE
304,216387147,0x7E8,8,036E123400000000,6E1234
305,216398046,0x7E0,8,072E123413123369,2E123413123369
306,216402121,0x7E8,8,036E123400000000,6E1234
307,216413563,0x7E0,8,072E12343B485B6A,2E12343B485B6A
308,216417636,0x7E8,8,036E123400000000,6E1234
309,216428810,0x7E0,8,072E1234A7B8B87F,2E1234A7B8B87F
310,216432885,0x7E8,8,036E123400000000,6E1234
311,216443542,0x7E0,8,062E123472AD6B00,2E123472AD6B
312,216447618,0x7E8,8,036E123400000000,6E1234
313,216458169,0x7E0,8,042E123449000000,2E123449
314,216462256,0x7E8,8,036E123400000000,6E1234
315,216472793,0x7E0,8,052E123428670000,2E12342867
316,216476876,0x7E8,8,036E123400000000,6E1234
317,216487386,0x7E0,8,052E12349F3D0000,2E12349F3D
318,216491467,0x7E8,8,036E123400000000,6E1234
319,216502159,0x7E0,8,062E12340FAEDC00,2E12340FAEDC
320,216506242,0x7E8,8,036E123400000000,6E1234
321,216516908,0x7E0,8,072EF18796819DC9,2EF18796819DC9
322,216520983,0x7E8,8,037F2E3100000000,7F2E31
323,216533038,0x7E0,8,052E222244140000,2E22224414
324,216537121,0x7E8,8,037F2E3100000000,7F2E31
325,216548284,0x7E0,8,062E1234ED49C800,2E1234ED49C8
326,216552363,0x7E8,8,036E123400000000,6E1234
327,216563705,0x7E0,8,062E12341FF39500,2E12341FF395
328,216567783,0x7E8,8,036E123400000000,6E1234
329,216578350,0x7E0,8,032E123400000000,2E1234
330,216582439,0x7E8,8,037F2E1300000000,7F2E13
331,216592900,0x7E0,8,052EF18757F20000,2EF18757F2
332,216596983,0x7E8,8,037F2E3100000000,7F2E31
333,216607555,0x7E0,8,062E1234705B6E00,2E1234705B6E
334,216611632,0x7E8,8,036E123400000000,6E1234
335,216622134,0x7E0,8,052E22229B350000,2E22229B35
336,216626217,0x7E8,8,037F2E3100000000,7F2E31
337,216636728,0x7E0,8,042E123411000000,2E123411
338,216640815,0x7E8,8,036E123400000000,6E1234
339,216651314,0x7E0,8,052EF1873E9D0000,2EF1873E9D
340,216655395,0x7E8,8,037F2E3100000000,7F2E31
341,216666047,0x7E0,8,032E123400000000,2E1234
342,216670138,0x7E8,8,037F2E1300000000,7F2E13
343,216680620,0x7E0,8,072E1234A7909A3A,2E1234A7909A3A
344,216684693,0x7E8,8,036E123400000000,6E1234
345,216695246,0x7E0,8,042E2222E2000000,2E2222E2
346,216699333,0x7E8,8,037F2E3100000000,7F2E31
347,216710132,0x7E0,8,042E1001F3000000,2E1001F3
348,216714223,0x7E8,8,037F2E3100000000,7F2E31
349,216726303,0x7E0,8,042E123453000000,2E123453
350,216730388,0x7E8,8,036E123400000000,6E1234
351,216741024,0x7E0,8,072E1234B6BABAC6,2E1234B6BABAC6
352,216745098,0x7E8,8,036E123400000000,6E1234
353,216755778,0x7E0,8,052E100195820000,2E10019582
354,216759865,0x7E8,8,037F2E3100000000,7F2E31
355,216770685,0x7E0,8,042E1234FA000000,2E1234FA
356,216774772,0x7E8,8,036E123400000000,6E1234
357,216786031,0x7E0,8,072E333363E933EB,2E333363E933EB
358,216790106,0x7E8,8,037F2E3100000000,7F2E31
359,216800741,0x7E0,8,032E123400000000,2E1234
360,216804831,0x7E8,8,037F2E1300000000,7F2E13
361,216815697,0x7E0,8,062E100105E9E200,2E100105E9E2
362,216819785,0x7E8,8,037F2E3100000000,7F2E31
363,216831201,0x7E0,8,032E123400000000,2E1234
364,216835295,0x7E8,8,037F2E1300000000,7F2E13
365,216846906,0x7E0,8,072E1234AE7FDEB6,2E1234AE7FDEB6
366,216850981,0x7E8,8,036E123400000000,6E1234
367,216862406,0x7E0,8,062E1234205F5B00,2E1234205F5B
368,216866483,0x7E8,8,036E123400000000,6E1234
369,216877954,0x7E0,8,032E123400000000,2E1234
370,216882044,0x7E8,8,037F2E1300000000,7F2E13
371,216892556,0x7E0,8,032E123400000000,2E1234
372,216896644,0x7E8,8,037F2E1300000000,7F2E13
373,216907260,0x7E0,8,072E1234A09E4407,2E1234A09E4407
374,216911339,0x7E8,8,036E123400000000,6E1234
375,216921783,0x7E0,8,032E123400000000,2E1234
376,216925874,0x7E8,8,037F2E1300000000,7F2E13
377,216936577,0x7E0,8,072E1234CFE35457,2E1234CFE35457
378,216940649,0x7E8,8,036E123400000000,6E1234
379,216952004,0x7E0,8,042E12344B000000,2E12344B
380,216956091,0x7E8,8,036E123400000000,6E1234
381,216966737,0x7E0,8,052E123420B50000,2E123420B5
382,216970819,0x7E8,8,036E123400000000,6E1234
383,216981226,0x7E0,8,042E123430000000,2E123430
384,216985316,0x7E8,8,036E123400000000,6E1234
385,216996058,0x7E0,8,042E1234DD000000,2E1234DD
386,217000145,0x7E8,8,036E123400000000,6E1234
387,217010836,0x7E0,8,032E123400000000,2E1234
388,217014926,0x7E8,8,037F2E1300000000,7F2E13
389,217026531,0x7E0,8,042E1234BF000000,2E1234BF
390,217030616,0x7E8,8,036E123400000000,6E1234
391,217041945,0x7E0,8,052E123413370000,2E12341337
392,217046027,0x7E8,8,036E123400000000,6E1234
393,217056358,0x7E0,8,062E123439B93700,2E123439B937
394,217060435,0x7E8,8,036E123400000000,6E1234
395,217071025,0x7E0,8,052E123490170000,2E12349017
396,217075108,0x7E8,8,036E123400000000,6E1234
397,217085607,0x7E0,8,052E123421760000,2E12342176
398,217089688,0x7E8,8,036E123400000000,6E1234
399,217100207,0x7E0,8,072E1234E3452369,2E1234E3452369
400,217104282,0x7E8,8,036E123400000000,6E1234
401,217114920,0x7E0,8,062E1234B1BA6300,2E1234B1BA63
402,217118999,0x7E8,8,036E123400000000,6E1234
403,217129993,0x7E0,8,042E123452000000,2E123452
404,217134080,0x7E8,8,036E123400000000,6E1234
405,217145260,0x7E0,8,042E123457000000,2E123457
406,217149347,0x7E8,8,036E123400000000,6E1234
407,217160514,0x7E0,8,052E1234E3D30000,2E1234E3D3
408,217164595,0x7E8,8,036E123400000000,6E1234
409,217175734,0x7E0,8,072E123483B61093,2E123483B61093
410,217179808,0x7E8,8,036E123400000000,6E1234
411,217191352,0x7E0,8,042E1234AA000000,2E1234AA
412,217195435,0x7E8,8,036E123400000000,6E1234
413,217206653,0x7E0,8,032E123400000000,2E1234
414,217210744,0x7E8,8,037F2E1300000000,7F2E13
415,217221395,0x7E0,8,072E1234017E2F4B,2E1234017E2F4B
416,217225472,0x7E8,8,036E123400000000,6E1234
417,217235894,0x7E0,8,042E12345C000000,2E12345C
418,217239981,0x7E8,8,036E123400000000,6E1234
419,217250526,0x7E0,8,052E123445BA0000,2E123445BA
420,217254607,0x7E8,8,036E123400000000,6E1234
421,217265163,0x7E0,8,072E12343464D997,2E12343464D997
422,217269238,0x7E8,8,036E123400000000,6E1234
423,217280237,0x7E0,8,042E33330A000000,2E33330A
424,217284328,0x7E8,8,037F2E3100000000,7F2E31
425,217295709,0x7E0,8,062E12343B414F00,2E12343B414F
426,217299787,0x7E8,8,036E123400000000,6E1234
427,217311131,0x7E0,8,052E12346BD90000,2E12346BD9
428,217315214,0x7E8,8,036E123400000000,6E1234
429,217325827,0x7E0,8,072E1234B986946D,2E1234B986946D
430,217329901,0x7E8,8,036E123400000000,6E1234
431,217340468,0x7E0,8,062E12340D1D9700,2E12340D1D97
432,217344549,0x7E8,8,036E123400000000,6E1234
433,217355016,0x7E0,8,062E222264DDA300,2E222264DDA3
434,217359094,0x7E8,8,037F2E3100000000,7F2E31
435,217369627,0x7E0,8,052E100111650000,2E10011165
436,217373715,0x7E8,8,037F2E3100000000,7F2E31
437,217384223,0x7E0,8,042E33334B000000,2E33334B
438,217388313,0x7E8,8,037F2E3100000000,7F2E31
439,217399122,0x7E0,8,062E12341C886200,2E12341C8862
440,217403201,0x7E8,8,036E123400000000,6E1234
441,217414435,0x7E0,8,042EF18777000000,2EF18777
442,217418520,0x7E8,8,037F2E3100000000,7F2E31
443,217429496,0x7E0,8,072E123410E1A816,2E123410E1A816
444,217433568,0x7E8,8,036E123400000000,6E1234
445,217444983,0x7E0,8,062E1234CC190100,2E1234CC1901
446,217449066,0x7E8,8,036E123400000000,6E1234
447,217460406,0x7E0,8,042E12342F000000,2E12342F
448,217464491,0x7E8,8,036E123400000000,6E1234
449,217475014,0x7E0,8,052E1234C5020000,2E1234C502
450,217479101,0x7E8,8,036E123400000000,6E1234
451,217489584,0x7E0,8,072E33336DA444AF,2E33336DA444AF
452,217493657,0x7E8,8,037F2E3100000000,7F2E31
453,217504549,0x7E0,8,052E1234A7170000,2E1234A717
454,217508630,0x7E8,8,036E123400000000,6E1234
455,217520019,0x7E0,8,042E1234EC000000,2E1234EC
456,217524105,0x7E8,8,036E123400000000,6E1234
457,217534571,0x7E0,8,062EF1871AE63E00,2EF1871AE63E
458,217538648,0x7E8,8,037F2E3100000000,7F2E31
459,217549294,0x7E0,8,042E2222F2000000,2E2222F2
460,217553378,0x7E8,8,037F2E3100000000,7F2E31
461,217563924,0x7E0,8,062EF187AD26CE00,2EF187AD26CE
462,217568003,0x7E8,8,037F2E3100000000,7F2E31
463,217578963,0x7E0,8,072E1234BA94AC54,2E1234BA94AC54
464,217583038,0x7E8,8,036E123400000000,6E1234
465,217594117,0x7E0,8,062E123452278000,2E1234522780
466,217598196,0x7E8,8,036E123400000000,6E1234
467,217608729,0x7E0,8,062E1234D5BF2D00,2E1234D5BF2D
468,217612808,0x7E8,8,036E123400000000,6E1234
469,217623420,0x7E0,8,052E3333752D0000,2E3333752D
470,217627501,0x7E8,8,037F2E3100000000,7F2E31
471,217638024,0x7E0,8,052E1234AFB90000,2E1234AFB9
472,217642107,0x7E8,8,036E123400000000,6E1234
473,217653135,0x7E0,8,062E1234D1791200,2E1234D17912
474,217657214,0x7E8,8,036E123400000000,6E1234
475,217668577,0x7E0,8,052E1234C7FB0000,2E1234C7FB
476,217672657,0x7E8,8,036E123400000000,6E1234
477,217683894,0x7E0,8,072E1234A493267F,2E1234A493267F
478,217687969,0x7E8,8,036E123400000000,6E1234
479,217698492,0x7E0,8,072E1234AC74CAA4,2E1234AC74CAA4
480,217702564,0x7E8,8,036E123400000000,6E1234
481,217713262,0x7E0,8,042E100162000000,2E100162
482,217717352,0x7E8,8,037F2E3100000000,7F2E31
483,217727819,0x7E0,8,032E123400000000,2E1234
484,217731910,0x7E8,8,037F2E1300000000,7F2E13
485,217742404,0x7E0,8,052E1234A1040000,2E1234A104
486,217746488,0x7E8,8,036E123400000000,6E1234
487,217759876,0x7E0,8,032E123400000000,2E1234
488,217763967,0x7E8,8,037F2E1300000000,7F2E13
489,217774675,0x7E0,8,072E12344559C774,2E12344559C774
490,217778750,0x7E8,8,036E123400000000,6E1234
491,217789213,0x7E0,8,072E12349C3E0841,2E12349C3E0841
492,217793295,0x7E8,8,036E123400000000,6E1234
493,217804009,0x7E0,8,072E1234EBEE077A,2E1234EBEE077A
494,217808088,0x7E8,8,036E123400000000,6E1234
495,217818532,0x7E0,8,052E123413DB0000,2E123413DB
496,217822612,0x7E8,8,036E123400000000,6E1234
497,217833265,0x7E0,8,042E1234CB000000,2E1234CB
498,217837352,0x7E8,8,036E123400000000,6E1234
499,217847999,0x7E0,8,052E1234E75B0000,2E1234E75B
500,217852081,0x7E8,8,036E123400000000,6E1234
501,217862502,0x7E0,8,072EF1874781E3E1,2EF1874781E3E1
502,217866575,0x7E8,8,037F2E3100000000,7F2E31
503,217877165,0x7E0,8,042E123481000000,2E123481
504,217881252,0x7E8,8,036E123400000000,6E1234
505,217891862,0x7E0,8,052E12345BF40000,2E12345BF4
506,217895945,0x7E8,8,036E123400000000,6E1234
507,217906422,0x7E0,8,052E12341CC80000,2E12341CC8
508,217910502,0x7E8,8,036E123400000000,6E1234
509,217921104,0x7E0,8,072E1234CF9ED523,2E1234CF9ED523
510,217925179,0x7E8,8,036E123400000000,6E1234
511,217935651,0x7E0,8,072E1234600043AE,2E1234600043AE
512,217939729,0x7E8,8,036E123400000000,6E1234
513,217950426,0x7E0,8,072E123497ADEDDE,2E123497ADEDDE
514,217954498,0x7E8,8,036E123400000000,6E1234
515,217965010,0x7E0,8,042E1234EF000000,2E1234EF
516,217969097,0x7E8,8,036E123400000000,6E1234
517,217979642,0x7E0,8,052E12346AB40000,2E12346AB4
518,217983724,0x7E8,8,036E123400000000,6E1234
519,217995813,0x7E0,8,052E123478560000,2E12347856
520,217999896,0x7E8,8,036E123400000000,6E1234
521,218011104,0x7E0,8,072EF187FD81ECF9,2EF187FD81ECF9
522,218015179,0x7E8,8,037F2E3100000000,7F2E31
523,218026525,0x7E0,8,062E12349E8EDC00,2E12349E8EDC
524,218030602,0x7E8,8,036E123400000000,6E1234
525,218041119,0x7E0,8,042E1234FD000000,2E1234FD
526,218045206,0x7E8,8,036E123400000000,6E1234
527,218055678,0x7E0,8,072E12340C1DAB7B,2E12340C1DAB7B
528,218059757,0x7E8,8,036E123400000000,6E1234
529,218070330,0x7E0,8,042E1234D5000000,2E1234D5
530,218074415,0x7E8,8,036E123400000000,6E1234
531,218084949,0x7E0,8,052E123419320000,2E12341932
532,218089032,0x7E8,8,036E123400000000,6E1234
533,218099762,0x7E0,8,062E12347BF6FD00,2E12347BF6FD
534,218103841,0x7E8,8,036E123400000000,6E1234
535,218114509,0x7E0,8,042E123414000000,2E123414
536,218118594,0x7E8,8,036E123400000000,6E1234
537,218130228,0x7E0,8,042E12343D000000,2E12343D
538,218134317,0x7E8,8,036E123400000000,6E1234
539,218145856,0x7E0,8,062E1001E7826100,2E1001E78261
540,218149939,0x7E8,8,037F2E3100000000,7F2E31
541,218161147,0x7E0,8,042E123457000000,2E123457
542,218165234,0x7E8,8,036E123400000000,6E1234
543,218175732,0x7E0,8,062E12349CC23100,2E12349CC231
544,218179811,0x7E8,8,036E123400000000,6E1234
545,218190743,0x7E0,8,032E123400000000,2E1234
546,218194834,0x7E8,8,037F2E1300000000,7F2E13
547,218206053,0x7E0,8,052E123497610000,2E12349761
548,218210136,0x7E8,8,036E123400000000,6E1234
549,218220562,0x7E0,8,072E1234AE7751B8,2E1234AE7751B8
550,218224635,0x7E8,8,036E123400000000,6E1234
551,218235320,0x7E0,8,052E1234B6B80000,2E1234B6B8
552,218239400,0x7E8,8,036E123400000000,6E1234
553,218250182,0x7E0,8,072E123431227E18,2E123431227E18
554,218254256,0x7E8,8,036E123400000000,6E1234
555,218266023,0x7E0,8,062E1234DE897A00,2E1234DE897A
556,218270102,0x7E8,8,036E123400000000,6E1234
557,218281937,0x7E0,8,052E12349EFA0000,2E12349EFA
558,218286020,0x7E8,8,036E123400000000,6E1234
559,218297200,0x7E0,8,042E1234B9000000,2E1234B9
560,218301289,0x7E8,8,036E123400000000,6E1234
561,218312557,0x7E0,8,062E1234A6FF6B00,2E1234A6FF6B
562,218316634,0x7E8,8,036E123400000000,6E1234
563,218327255,0x7E0,8,052EF18748040000,2EF1874804
564,218331342,0x7E8,8,037F2E3100000000,7F2E31
565,218342773,0x7E0,8,072E12347EE94603,2E12347EE94603
566,218346852,0x7E8,8,036E123400000000,6E1234
567,218357582,0x7E0,8,042E1234E9000000,2E1234E9
568,218361667,0x7E8,8,036E123400000000,6E1234
569,218372994,0x7E0,8,062E1234E785FA00,2E1234E785FA
570,218377073,0x7E8,8,036E123400000000,6E1234
571,218387505,0x7E0,8,052E123440780000,2E12344078
572,218391586,0x7E8,8,036E123400000000,6E1234
573,218402154,0x7E0,8,062E1234BC233C00,2E1234BC233C
574,218406233,0x7E8,8,036E123400000000,6E1234
575,218416883,0x7E0,8,052E1234ADAF0000,2E1234ADAF
576,218420966,0x7E8,8,036E123400000000,6E1234
577,218431415,0x7E0,8,042E1234EF000000,2E1234EF
578,218435500,0x7E8,8,036E123400000000,6E1234
579,218446107,0x7E0,8,072E1234D51402D8,2E1234D51402D8
580,218450186,0x7E8,8,036E123400000000,6E1234
581,218460686,0x7E0,8,072E1234AF65E897,2E1234AF65E897
582,218464761,0x7E8,8,036E123400000000,6E1234
583,218475424,0x7E0,8,052E123455020000,2E12345502
584,218479509,0x7E8,8,036E123400000000,6E1234
585,218490021,0x7E0,8,052E12348C580000,2E12348C58
586,218494103,0x7E8,8,036E123400000000,6E1234
587,218504665,0x7E0,8,062E2222993B3200,2E2222993B32
588,218508744,0x7E8,8,037F2E3100000000,7F2E31
589,218519305,0x7E0,8,052E12347F000000,2E12347F00
590,218523390,0x7E8,8,036E123400000000,6E1234
591,218533856,0x7E0,8,062E123442755700,2E1234427557
592,218537935,0x7E8,8,036E123400000000,6E1234
593,218548627,0x7E0,8,042E123436000000,2E123436
594,218552713,0x7E8,8,036E123400000000,6E1234
595,218563199,0x7E0,8,052EF187156D0000,2EF187156D
596,218567282,0x7E8,8,037F2E3100000000,7F2E31
597,218577881,0x7E0,8,072E1234D8A782BB,2E1234D8A782BB
598,218581955,0x7E8,8,036E123400000000,6E1234
599,218592410,0x7E0,8,042E12349A000000,2E12349A
600,218596494,0x7E8,8,036E123400000000,6E1234
601,218607130,0x7E0,8,062E123468FD5C00,2E123468FD5C
602,218611208,0x7E8,8,036E123400000000,6E1234
603,218621709,0x7E0,8,052E12348D8F0000,2E12348D8F
604,218625791,0x7E8,8,036E123400000000,6E1234
605,218636353,0x7E0,8,072E123443B7779E,2E123443B7779E
606,218640426,0x7E8,8,036E123400000000,6E1234
607,218651329,0x7E0,8,062E12340CF87C00,2E12340CF87C
608,218655410,0x7E8,8,036E123400000000,6E1234
609,218667128,0x7E0,8,052E123416F10000,2E123416F1
610,218671210,0x7E8,8,036E123400000000,6E1234
611,218682979,0x7E0,8,062E12345F3FD400,2E12345F3FD4
612,218687058,0x7E8,8,036E123400000000,6E1234
613,218698261,0x7E0,8,042E123439000000,2E123439
614,218702348,0x7E8,8,036E123400000000,6E1234
615,218713695,0x7E0,8,052E1234B49A0000,2E1234B49A
616,218717778,0x7E8,8,036E123400000000,6E1234
617,218729065,0x7E0,8,042E33336E000000,2E33336E
618,218733151,0x7E8,8,037F2E3100000000,7F2E31
619,218744033,0x7E0,8,062E1234BC7FDD00,2E1234BC7FDD
620,218748112,0x7E8,8,036E123400000000,6E1234
621,218759396,0x7E0,8,062E1234CC0C8500,2E1234CC0C85
622,218763477,0x7E8,8,036E123400000000,6E1234
623,218773854,0x7E0,8,042E12345D000000,2E12345D
624,218777941,0x7E8,8,036E123400000000,6E1234
625,218789304,0x7E0,8,072E12349076E296,2E12349076E296
626,218793376,0x7E8,8,036E123400000000,6E1234
627,218804163,0x7E0,8,072E123442565B4F,2E123442565B4F
628,218808238,0x7E8,8,036E123400000000,6E1234
629,218821422,0x7E0,8,072E1234454541E0,2E1234454541E0
630,218825494,0x7E8,8,036E123400000000,6E1234
631,218836650,0x7E0,8,042E123445000000,2E123445
632,218840737,0x7E8,8,036E123400000000,6E1234
633,218852091,0x7E0,8,032E123400000000,2E1234
634,218856182,0x7E8,8,037F2E1300000000,7F2E13
635,218867132,0x7E0,8,052E222299680000,2E22229968
636,218871215,0x7E8,8,037F2E3100000000,7F2E31
637,218883056,0x7E0,8,062E100144044200,2E1001440442
638,218887143,0x7E8,8,037F2E3100000000,7F2E31
639,218898003,0x7E0,8,052E1001D6A50000,2E1001D6A5
640,218902090,0x7E8,8,037F2E3100000000,7F2E31
641,218913017,0x7E0,8,032E123400000000,2E1234
642,218917108,0x7E8,8,037F2E1300000000,7F2E13
643,218928081,0x7E0,8,052E1234BD8C0000,2E1234BD8C
644,218932163,0x7E8,8,036E123400000000,6E1234
645,218943346,0x7E0,8,052EF18702640000,2EF1870264
646,218947431,0x7E8,8,037F2E3100000000,7F2E31
647,218958390,0x7E0,8,062E1234705CD100,2E1234705CD1
648,218962467,0x7E8,8,036E123400000000,6E1234
649,218973898,0x7E0,8,052E2222521E0000,2E2222521E
650,218977981,0x7E8,8,037F2E3100000000,7F2E31
651,218988762,0x7E0,8,072E12346EC8A368,2E12346EC8A368
652,218992837,0x7E8,8,036E123400000000,6E1234
653,219003421,0x7E0,8,052E1234D54A0000,2E1234D54A
654,219007501,0x7E8,8,036E123400000000,6E1234
655,219018041,0x7E0,8,042E1234F2000000,2E1234F2
656,219022128,0x7E8,8,036E123400000000,6E1234
657,219032746,0x7E0,8,062E123499282700,2E1234992827
658,219036825,0x7E8,8,036E123400000000,6E1234
659,219047291,0x7E0,8,052E1234CAE70000,2E1234CAE7
660,219051370,0x7E8,8,036E123400000000,6E1234
661,219061843,0x7E0,8,032E123400000000,2E1234
662,219065934,0x7E8,8,037F2E1300000000,7F2E13
663,219076844,0x7E0,8,042E123416000000,2E123416
664,219080931,0x7E8,8,036E123400000000,6E1234
665,219092305,0x7E0,8,042E333316000000,2E333316
666,219096390,0x7E8,8,037F2E3100000000,7F2E31
667,219106896,0x7E0,8,062E1234354BE000,2E1234354BE0
668,219110974,0x7E8,8,036E123400000000,6E1234
669,219121868,0x7E0,8,062E12349E0E3500,2E12349E0E35
670,219125951,0x7E8,8,036E123400000000,6E1234
671,219137336,0x7E0,8,062E100167A08F00,2E100167A08F
672,219141417,0x7E8,8,037F2E3100000000,7F2E31
673,219152663,0x7E0,8,062E123459123C00,2E123459123C
674,219156742,0x7E8,8,036E123400000000,6E1234
675,219167629,0x7E0,8,062E1234E747C100,2E1234E747C1
676,219171706,0x7E8,8,036E123400000000,6E1234
677,219182954,0x7E0,8,032E123400000000,2E1234
678,219187044,0x7E8,8,037F2E1300000000,7F2E13
679,219198130,0x7E0,8,072E1234871BB88A,2E1234871BB88A
680,219202204,0x7E8,8,036E123400000000,6E1234
681,219213815,0x7E0,8,042E123464000000,2E123464
682,219217901,0x7E8,8,036E123400000000,6E1234
683,219229928,0x7E0,8,072E1234888808FC,2E1234888808FC
684,219234007,0x7E8,8,036E123400000000,6E1234
685,219244349,0x7E0,8,052E1001257F0000,2E1001257F
686,219248434,0x7E8,8,037F2E3100000000,7F2E31
687,219259216,0x7E0,8,062E10015B1D3200,2E10015B1D32
688,219263302,0x7E8,8,037F2E3100000000,7F2E31
689,219274050,0x7E0,8,042E1234A6000000,2E1234A6
690,219278137,0x7E8,8,036E123400000000,6E1234
691,219289193,0x7E0,8,042E12348A000000,2E12348A
692,219293280,0x7E8,8,036E123400000000,6E1234
693,219304427,0x7E0,8,072E12349024D609,2E12349024D609
694,219308504,0x7E8,8,036E123400000000,6E1234
695,219319716,0x7E0,8,052E1234423B0000,2E1234423B
696,219323799,0x7E8,8,036E123400000000,6E1234
697,219334183,0x7E0,8,072E123474E6733C,2E123474E6733C
698,219338258,0x7E8,8,036E123400000000,6E1234
699,219349099,0x7E0,8,072E12341474C765,2E12341474C765
700,219353174,0x7E8,8,036E123400000000,6E1234
701,219364515,0x7E0,8,072E1234CBB6F985,2E1234CBB6F985
702,219368587,0x7E8,8,036E123400000000,6E1234
703,219380187,0x7E0,8,052E12346D210000,2E12346D21
704,219384270,0x7E8,8,036E123400000000,6E1234
705,219394998,0x7E0,8,062EF187AA654400,2EF187AA6544
706,219399076,0x7E8,8,037F2E3100000000,7F2E31
707,219410687,0x7E0,8,032E123400000000,2E1234
708,219414778,0x7E8,8,037F2E1300000000,7F2E13
709,219426025,0x7E0,8,062E12346DB3A200,2E12346DB3A2
710,219430104,0x7E8,8,036E123400000000,6E1234
711,219441552,0x7E0,8,042E123439000000,2E123439
712,219445636,0x7E8,8,036E123400000000,6E1234
713,219456099,0x7E0,8,042E1234BC000000,2E1234BC
714,219460186,0x7E8,8,036E123400000000,6E1234
715,219470731,0x7E0,8,072E1234FD361111,2E1234FD361111
716,219474806,0x7E8,8,036E123400000000,6E1234
717,219485412,0x7E0,8,072E1234CBCE77DC,2E1234CBCE77DC
718,219489485,0x7E8,8,036E123400000000,6E1234
719,219500092,0x7E0,8,062E12344E24F800,2E12344E24F8
720,219504171,0x7E8,8,036E123400000000,6E1234
721,219514856,0x7E0,8,062E123406DBE200,2E123406DBE2
722,219518939,0x7E8,8,036E123400000000,6E1234
723,219529619,0x7E0,8,072E3333884ED6C5,2E3333884ED6C5
724,219533691,0x7E8,8,037F2E3100000000,7F2E31
725,219545063,0x7E0,8,062E123456086C00,2E123456086C
726,219549146,0x7E8,8,036E123400000000,6E1234
727,219559825,0x7E0,8,042E12346F000000,2E12346F
728,219563912,0x7E8,8,036E123400000000,6E1234
729,219574299,0x7E0,8,052E1234EDC80000,2E1234EDC8
730,219578380,0x7E8,8,036E123400000000,6E1234
731,219588947,0x7E0,8,072E123418CE95B4,2E123418CE95B4
732,219593022,0x7E8,8,036E123400000000,6E1234
733,219603528,0x7E0,8,072E123417857D48,2E123417857D48
734,219607600,0x7E8,8,036E123400000000,6E1234
735,219618213,0x7E0,8,072E12341DD2CE39,2E12341DD2CE39
736,219622291,0x7E8,8,036E123400000000,6E1234
737,219632881,0x7E0,8,062E1234BE6A6200,2E1234BE6A62
738,219636960,0x7E8,8,036E123400000000,6E1234
739,219647983,0x7E0,8,052E1234A7CC0000,2E1234A7CC
740,219652066,0x7E8,8,036E123400000000,6E1234
741,219663598,0x7E0,8,062E100140830C00,2E100140830C
742,219667683,0x7E8,8,037F2E3100000000,7F2E31
743,219678802,0x7E0,8,052E22221CED0000,2E22221CED
744,219682884,0x7E8,8,037F2E3100000000,7F2E31
745,219693603,0x7E0,8,052E12347C130000,2E12347C13
746,219697684,0x7E8,8,036E123400000000,6E1234
747,219709061,0x7E0,8,062E12341E93EE00,2E12341E93EE
748,219713140,0x7E8,8,036E123400000000,6E1234
749,219723718,0x7E0,8,072E12344675A40E,2E12344675A40E
750,219727797,0x7E8,8,036E123400000000,6E1234
751,219738238,0x7E0,8,042E123496000000,2E123496
752,219742326,0x7E8,8,036E123400000000,6E1234
753,219753214,0x7E0,8,072E1234B94771CD,2E1234B94771CD
754,219757292,0x7E8,8,036E123400000000,6E1234
755,219768610,0x7E0,8,042E1234B3000000,2E1234B3
756,219772695,0x7E8,8,036E123400000000,6E1234
757,219783408,0x7E0,8,032E123400000000,2E1234
758,219787497,0x7E8,8,037F2E1300000000,7F2E13
759,219798849,0x7E0,8,052E1001EA800000,2E1001EA80
760,219802936,0x7E8,8,037F2E3100000000,7F2E31
761,219813369,0x7E0,8,072EF1875D2FF5E8,2EF1875D2FF5E8
762,219817441,0x7E8,8,037F2E3100000000,7F2E31
763,219828037,0x7E0,8,042E1001AF000000,2E1001AF
764,219832129,0x7E8,8,037F2E3100000000,7F2E31
765,219842915,0x7E0,8,052E222212F90000,2E222212F9
766,219846998,0x7E8,8,037F2E3100000000,7F2E31
767,219858547,0x7E0,8,042E123405000000,2E123405
768,219862636,0x7E8,8,036E123400000000,6E1234
769,219874109,0x7E0,8,052E1234DB0F0000,2E1234DB0F
770,219878196,0x7E8,8,036E123400000000,6E1234
771,219889520,0x7E0,8,072E1234CE14566F,2E1234CE14566F
772,219893592,0x7E8,8,036E123400000000,6E1234
773,219904194,0x7E0,8,042E12347D000000,2E12347D
774,219908281,0x7E8,8,036E123400000000,6E1234
775,219918925,0x7E0,8,062E12348CA30000,2E12348CA300
776,219923008,0x7E8,8,036E123400000000,6E1234
777,219933412,0x7E0,8,062E1234BBA5A000,2E1234BBA5A0
778,219937489,0x7E8,8,036E123400000000,6E1234
779,219948106,0x7E0,8,062E1234B7E17E00,2E1234B7E17E
780,219952185,0x7E8,8,036E123400000000,6E1234
781,219962791,0x7E0,8,042E1234F6000000,2E1234F6
782,219966878,0x7E8,8,036E123400000000,6E1234
783,219977378,0x7E0,8,042E123406000000,2E123406
784,219981467,0x7E8,8,036E123400000000,6E1234
785,219991922,0x7E0,8,052E12342FF20000,2E12342FF2
786,219996005,0x7E8,8,036E123400000000,6E1234
787,220006927,0x7E0,8,042E1234B2000000,2E1234B2
788,220011014,0x7E8,8,036E123400000000,6E1234
789,220022233,0x7E0,8,052E1234488F0000,2E1234488F
790,220026319,0x7E8,8,036E123400000000,6E1234
791,220036870,0x7E0,8,062E123423216500,2E1234232165
792,220040949,0x7E8,8,036E123400000000,6E1234
793,220051533,0x7E0,8,072E1234A1F827D5,2E1234A1F827D5
794,220055605,0x7E8,8,036E123400000000,6E1234
795,220066162,0x7E0,8,072E1234EAE4D5D2,2E1234EAE4D5D2
796,220070237,0x7E8,8,036E123400000000,6E1234
797,220083341,0x7E0,8,042E123452000000,2E123452
798,220087426,0x7E8,8,036E123400000000,6E1234
799,220098258,0x7E0,8,062E12348B851700,2E12348B8517
800,220102337,0x7E8,8,036E123400000000,6E1234
801,220113175,0x7E0,8,052E12340B830000,2E12340B83
802,220117262,0x7E8,8,036E123400000000,6E1234
803,220127625,0x7E0,8,072E123436C1141E,2E123436C1141E
804,220131698,0x7E8,8,036E123400000000,6E1234
805,220142305,0x7E0,8,072E1234667DA9FB,2E1234667DA9FB
806,220146377,0x7E8,8,036E123400000000,6E1234
807,220157198,0x7E0,8,062E1234B1487A00,2E1234B1487A
808,220161277,0x7E8,8,036E123400000000,6E1234
809,220173133,0x7E0,8,052E1234DFC70000,2E1234DFC7
810,220177216,0x7E8,8,036E123400000000,6E1234
811,220188104,0x7E0,8,052E1234290B0000,2E1234290B
812,220192191,0x7E8,8,036E123400000000,6E1234
813,220202713,0x7E0,8,072E3333D13B9B1D,2E3333D13B9B1D
814,220206788,0x7E8,8,037F2E3100000000,7F2E31
815,220217394,0x7E0,8,042E2222BA000000,2E2222BA
816,220221479,0x7E8,8,037F2E3100000000,7F2E31
817,220232075,0x7E0,8,062E12347DEC3300,2E12347DEC33
818,220236154,0x7E8,8,036E123400000000,6E1234
819,220247064,0x7E0,8,042E12342D000000,2E12342D
820,220251151,0x7E8,8,036E123400000000,6E1234
821,220262458,0x7E0,8,052E1234943C0000,2E1234943C
822,220266539,0x7E8,8,036E123400000000,6E1234
823,220277295,0x7E0,8,072E123444CFB5E1,2E123444CFB5E1
824,220281367,0x7E8,8,036E123400000000,6E1234
825,220293237,0x7E0,8,042E1234EB000000,2E1234EB
826,220297325,0x7E8,8,036E123400000000,6E1234
827,220308157,0x7E0,8,062E123450976500,2E1234509765
828,220312236,0x7E8,8,036E123400000000,6E1234
829,220323150,0x7E0,8,052E1234F5660000,2E1234F566
830,220327232,0x7E8,8,036E123400000000,6E1234
831,220338436,0x7E0,8,072E12347C326588,2E12347C326588
832,220342509,0x7E8,8,036E123400000000,6E1234
833,220353094,0x7E0,8,042E12347F000000,2E12347F
834,220357180,0x7E8,8,036E123400000000,6E1234
835,220367765,0x7E0,8,052E1234179C0000,2E1234179C
836,220371847,0x7E8,8,036E123400000000,6E1234
837,220382282,0x7E0,8,052E1234F2C70000,2E1234F2C7
838,220386366,0x7E8,8,036E123400000000,6E1234
839,220396967,0x7E0,8,052E333389A70000,2E333389A7
840,220401050,0x7E8,8,037F2E3100000000,7F2E31
841,220411770,0x7E0,8,062E1234CECAE100,2E1234CECAE1
842,220415848,0x7E8,8,036E123400000000,6E1234
843,220426629,0x7E0,8,042E12343E000000,2E12343E
844,220430716,0x7E8,8,036E123400000000,6E1234
845,220441935,0x7E0,8,042E123437000000,2E123437
846,220446022,0x7E8,8,036E123400000000,6E1234
847,220456612,0x7E0,8,042E1234E7000000,2E1234E7
848,220460697,0x7E8,8,036E123400000000,6E1234
849,220471360,0x7E0,8,062E10014AE0B400,2E10014AE0B4
850,220475441,0x7E8,8,037F2E3100000000,7F2E31
851,220489647,0x7E0,8,052E1234A2E60000,2E1234A2E6
852,220493730,0x7E8,8,036E123400000000,6E1234
853,220504398,0x7E0,8,072E12341F493486,2E12341F493486
854,220508471,0x7E8,8,036E123400000000,6E1234
855,220519022,0x7E0,8,062E1234D7DB4000,2E1234D7DB40
856,220523101,0x7E8,8,036E123400000000,6E1234
857,220533617,0x7E0,8,062E1234B6B30D00,2E1234B6B30D
858,220537698,0x7E8,8,036E123400000000,6E1234
859,220548251,0x7E0,8,052E123473F80000,2E123473F8
860,220552335,0x7E8,8,036E123400000000,6E1234
861,220563127,0x7E0,8,042E123400000000,2E123400
862,220567218,0x7E8,8,036E123400000000,6E1234
863,220578873,0x7E0,8,042E123414000000,2E123414
864,220582960,0x7E8,8,036E123400000000,6E1234
865,220594526,0x7E0,8,052E1234288A0000,2E1234288A
866,220598607,0x7E8,8,036E123400000000,6E1234
867,220609864,0x7E0,8,052E10018AA60000,2E10018AA6
868,220613951,0x7E8,8,037F2E3100000000,7F2E31
869,220624642,0x7E0,8,042E2222F2000000,2E2222F2
870,220628728,0x7E8,8,037F2E3100000000,7F2E31
871,220640004,0x7E0,8,072E123435AF3932,2E123435AF3932
872,220644079,0x7E8,8,036E123400000000,6E1234
873,220656373,0x7E0,8,042E1234C0000000,2E1234C0
874,220660457,0x7E8,8,036E123400000000,6E1234
875,220671394,0x7E0,8,042E1234D8000000,2E1234D8
876,220675478,0x7E8,8,036E123400000000,6E1234
877,220686029,0x7E0,8,072E12343FC96F92,2E12343FC96F92
878,220690104,0x7E8,8,036E123400000000,6E1234
879,220704235,0x7E0,8,052E1234369F0000,2E1234369F
880,220708321,0x7E8,8,036E123400000000,6E1234
881,220719046,0x7E0,8,042E222299000000,2E222299
882,220723133,0x7E8,8,037F2E3100000000,7F2E31
883,220733717,0x7E0,8,042E12344E000000,2E12344E
884,220737804,0x7E8,8,036E123400000000,6E1234
885,220748377,0x7E0,8,052E12344E9F0000,2E12344E9F
886,220752457,0x7E8,8,036E123400000000,6E1234
887,220763037,0x7E0,8,072E12343988648D,2E12343988648D
888,220767112,0x7E8,8,036E123400000000,6E1234
889,220777561,0x7E0,8,072E1234C42C1A8D,2E1234C42C1A8D
890,220781633,0x7E8,8,036E123400000000,6E1234
891,220792158,0x7E0,8,052E12345EE00000,2E12345EE0
892,220796241,0x7E8,8,036E123400000000,6E1234
893,220806727,0x7E0,8,042E12342B000000,2E12342B
894,220810814,0x7E8,8,036E123400000000,6E1234
895,220821387,0x7E0,8,062E333302E7CC00,2E333302E7CC
896,220825468,0x7E8,8,037F2E3100000000,7F2E31
897,220836159,0x7E0,8,042E100187000000,2E100187
898,220840251,0x7E8,8,037F2E3100000000,7F2E31
899,220851052,0x7E0,8,052EF187A0D40000,2EF187A0D4
900,220855134,0x7E8,8,037F2E3100000000,7F2E31
901,220866452,0x7E0,8,052E1234760D0000,2E1234760D
902,220870537,0x7E8,8,036E123400000000,6E1234
903,220881322,0x7E0,8,062E1234F1CB7100,2E1234F1CB71
904,220885398,0x7E8,8,036E123400000000,6E1234
905,220896796,0x7E0,8,042E1234E5000000,2E1234E5
906,220900883,0x7E8,8,036E123400000000,6E1234
907,220911344,0x7E0,8,072E1234F485A913,2E1234F485A913
908,220915416,0x7E8,8,036E123400000000,6E1234
909,220926426,0x7E0,8,052EF187A6B60000,2EF187A6B6
910,220930506,0x7E8,8,037F2E3100000000,7F2E31
911,220941645,0x7E0,8,072E1234EB90ECA7,2E1234EB90ECA7
912,220945720,0x7E8,8,036E123400000000,6E1234
913,220956183,0x7E0,8,052E123426890000,2E12342689
914,220960266,0x7E8,8,036E123400000000,6E1234
915,220970892,0x7E0,8,052E123495D30000,2E123495D3
916,220974975,0x7E8,8,036E123400000000,6E1234
917,220985513,0x7E0,8,052E1234DB0B0000,2E1234DB0B
918,220989598,0x7E8,8,036E123400000000,6E1234
919,221000099,0x7E0,8,042E123427000000,2E123427
920,221004186,0x7E8,8,036E123400000000,6E1234
921,221014776,0x7E0,8,052E123497F20000,2E123497F2
922,221018859,0x7E8,8,036E123400000000,6E1234
923,221029516,0x7E0,8,032E123400000000,2E1234
924,221033605,0x7E8,8,037F2E1300000000,7F2E13
925,221044418,0x7E0,8,042E123411000000,2E123411
926,221048502,0x7E8,8,036E123400000000,6E1234
927,221059967,0x7E0,8,062E1234399AEC00,2E1234399AEC
928,221064046,0x7E8,8,036E123400000000,6E1234
929,221075266,0x7E0,8,072E12346936F615,2E12346936F615
930,221079342,0x7E8,8,036E123400000000,6E1234
931,221090022,0x7E0,8,032E123400000000,2E1234
932,221094113,0x7E8,8,037F2E1300000000,7F2E13
933,221104719,0x7E0,8,042E1234BD000000,2E1234BD
934,221108806,0x7E8,8,036E123400000000,6E1234
935,221119274,0x7E0,8,052E123483AF0000,2E123483AF
936,221123358,0x7E8,8,036E123400000000,6E1234
937,221133813,0x7E0,8,072E1234274BF6D2,2E1234274BF6D2
938,221137888,0x7E8,8,036E123400000000,6E1234
939,221148433,0x7E0,8,072E12348CAA8EBA,2E12348CAA8EBA
940,221152506,0x7E8,8,036E123400000000,6E1234
941,221163130,0x7E0,8,042E1234E6000000,2E1234E6
942,221167216,0x7E8,8,036E123400000000,6E1234
943,221178037,0x7E0,8,072E1234822FFA45,2E1234822FFA45
944,221182112,0x7E8,8,036E123400000000,6E1234
945,221193419,0x7E0,8,052E1234DB800000,2E1234DB80
946,221197500,0x7E8,8,036E123400000000,6E1234
947,221208062,0x7E0,8,072E1234A67A9AA4,2E1234A67A9AA4
948,221212137,0x7E8,8,036E123400000000,6E1234
949,221222693,0x7E0,8,072E1234C085F0E3,2E1234C085F0E3
950,221226767,0x7E8,8,036E123400000000,6E1234
951,221237391,0x7E0,8,062E10012D2C2E00,2E10012D2C2E
952,221241472,0x7E8,8,037F2E3100000000,7F2E31
953,221251956,0x7E0,8,042E100141000000,2E100141
954,221256047,0x7E8,8,037F2E3100000000,7F2E31
955,221266609,0x7E0,8,032E123400000000,2E1234
956,221270697,0x7E8,8,037F2E1300000000,7F2E13
957,221281273,0x7E0,8,042E12348E000000,2E12348E
958,221285359,0x7E8,8,036E123400000000,6E1234
959,221295966,0x7E0,8,062E12345E273800,2E12345E2738
960,221300044,0x7E8,8,036E123400000000,6E1234
961,221310505,0x7E0,8,072E1234F5AEA508,2E1234F5AEA508
962,221314582,0x7E8,8,036E123400000000,6E1234
963,221325321,0x7E0,8,072E2222B3545CF5,2E2222B3545CF5
964,221329394,0x7E8,8,037F2E3100000000,7F2E31
965,221342591,0x7E0,8,062E1234A4F61800,2E1234A4F618
966,221346668,0x7E8,8,036E123400000000,6E1234
967,221357331,0x7E0,8,062E123447C5A200,2E123447C5A2
968,221361406,0x7E8,8,036E123400000000,6E1234
969,221371890,0x7E0,8,072E1234E4CCA523,2E1234E4CCA523
970,221375965,0x7E8,8,036E123400000000,6E1234
971,221386661,0x7E0,8,062E222282973800,2E2222829738
972,221390740,0x7E8,8,037F2E3100000000,7F2E31
973,221401419,0x7E0,8,072E1234D7BC9F38,2E1234D7BC9F38
974,221405492,0x7E8,8,036E123400000000,6E1234
975,221415947,0x7E0,8,072E12343B3A1F09,2E12343B3A1F09
976,221420026,0x7E8,8,036E123400000000,6E1234
977,221430633,0x7E0,8,062E12340CA86400,2E12340CA864
978,221434716,0x7E8,8,036E123400000000,6E1234
979,221445542,0x7E0,8,042E1234DF000000,2E1234DF
980,221449627,0x7E8,8,036E123400000000,6E1234
981,221460801,0x7E0,8,072E123463037271,2E123463037271
982,221464880,0x7E8,8,036E123400000000,6E1234
983,221475408,0x7E0,8,062E10012E745100,2E10012E7451
984,221479488,0x7E8,8,037F2E3100000000,7F2E31
985,221490220,0x7E0,8,062E1234D7E9E400,2E1234D7E9E4
986,221494301,0x7E8,8,036E123400000000,6E1234
987,221504740,0x7E0,8,072E123487184405,2E123487184405
988,221508819,0x7E8,8,036E123400000000,6E1234
989,221519409,0x7E0,8,072E12343C39CCD8,2E12343C39CCD8
990,221523481,0x7E8,8,036E123400000000,6E1234
991,221534044,0x7E0,8,062E123445A3A500,2E123445A3A5
992,221538122,0x7E8,8,036E123400000000,6E1234
993,221548672,0x7E0,8,062E1234B02AB400,2E1234B02AB4
994,221552751,0x7E8,8,036E123400000000,6E1234
995,221563729,0x7E0,8,072E1234B1060BF4,2E1234B1060BF4
996,221567813,0x7E8,8,036E123400000000,6E1234
997,221579094,0x7E0,8,042E123414000000,2E123414
998,221583181,0x7E8,8,036E123400000000,6E1234
999,221594791,0x7E0,8,042E1234BD000000,2E1234BD
1000,221598878,0x7E8,8,036E123400000000,6E1234
1001,221610149,0x7E0,8,062E1234F9804A00,2E1234F9804A
1002,221614227,0x7E8,8,036E123400000000,6E1234
1003,221625048,0x7E0,8,032E123400000000,2E1234
1004,221629138,0x7E8,8,037F2E1300000000,7F2E13
1005,221640349,0x7E0,8,072E1234587DC508,2E1234587DC508
1006,221644426,0x7E8,8,036E123400000000,6E1234
1007,221655017,0x7E0,8,052E100129F00000,2E100129F0
1008,221659104,0x7E8,8,037F2E3100000000,7F2E31
1009,221670032,0x7E0,8,072E1234D1598C05,2E1234D1598C05
1010,221674111,0x7E8,8,036E123400000000,6E1234
1011,221685542,0x7E0,8,042E123405000000,2E123405
1012,221689630,0x7E8,8,036E123400000000,6E1234
1013,221700957,0x7E0,8,042E3333BA000000,2E3333BA
1014,221705044,0x7E8,8,037F2E3100000000,7F2E31
1015,221715459,0x7E0,8,062E1234E3F2D900,2E1234E3F2D9
1016,221719534,0x7E8,8,036E123400000000,6E1234
1017,221730159,0x7E0,8,042E1234AA000000,2E1234AA
1018,221734245,0x7E8,8,036E123400000000,6E1234
1019,221744754,0x7E0,8,062E1234A1FEDA00,2E1234A1FEDA
1020,221748833,0x7E8,8,036E123400000000,6E1234
1021,221759474,0x7E0,8,072E12346A9D1856,2E12346A9D1856
1022,221763546,0x7E8,8,036E123400000000,6E1234
1023,221775301,0x7E0,8,062EF187D762B600,2EF187D762B6
1024,221779378,0x7E8,8,037F2E3100000000,7F2E31
1025,221790933,0x7E0,8,072E123401C0AF30,2E123401C0AF30
1026,221795012,0x7E8,8,036E123400000000,6E1234
1027,221806994,0x7E0,8,052E12345EB50000,2E12345EB5
1028,221811077,0x7E8,8,036E123400000000,6E1234
1029,221822201,0x7E0,8,032E123400000000,2E1234
1030,221826295,0x7E8,8,037F2E1300000000,7F2E13
1031,221837906,0x7E0,8,042E33330C000000,2E33330C
1032,221841997,0x7E8,8,037F2E3100000000,7F2E31
1033,221853217,0x7E0,8,052E12348B0A0000,2E12348B0A
1034,221857307,0x7E8,8,036E123400000000,6E1234
1035,221869675,0x7E0,8,052E12346ACD0000,2E12346ACD
1036,221873758,0x7E8,8,036E123400000000,6E1234
1037,221884438,0x7E0,8,062E12345A8C1A00,2E12345A8C1A
1038,221888514,0x7E8,8,036E123400000000,6E1234
1039,221898925,0x7E0,8,062E1234BA034D00,2E1234BA034D
1040,221903008,0x7E8,8,036E123400000000,6E1234
1041,221913654,0x7E0,8,062E12345B577200,2E12345B5772
1042,221917733,0x7E8,8,036E123400000000,6E1234
1043,221928559,0x7E0,8,042E1234CD000000,2E1234CD
1044,221932644,0x7E8,8,036E123400000000,6E1234
1045,221944229,0x7E0,8,042E123411000000,2E123411
1046,221948318,0x7E8,8,036E123400000000,6E1234
1047,221959508,0x7E0,8,042E10016E000000,2E10016E
1048,221963597,0x7E8,8,037F2E3100000000,7F2E31
1049,221974381,0x7E0,8,072E123455729014,2E123455729014
1050,221978454,0x7E8,8,036E123400000000,6E1234
1051,221989795,0x7E0,8,042E123488000000,2E123488
1052,221993882,0x7E8,8,036E123400000000,6E1234
1053,222004506,0x7E0,8,072E123410C94F21,2E123410C94F21
1054,222008579,0x7E8,8,036E123400000000,6E1234
1055,222018983,0x7E0,8,062E1234ED83C700,2E1234ED83C7
1056,222023062,0x7E8,8,036E123400000000,6E1234
1057,222033709,0x7E0,8,072E12343E35D3AA,2E12343E35D3AA
1058,222037783,0x7E8,8,036E123400000000,6E1234
1059,222048317,0x7E0,8,052E123488E10000,2E123488E1
1060,222052397,0x7E8,8,036E123400000000,6E1234
1061,222063100,0x7E0,8,052E12349D7F0000,2E12349D7F
1062,222067183,0x7E8,8,036E123400000000,6E1234
1063,222077593,0x7E0,8,072E33336DC465FD,2E33336DC465FD
1064,222081665,0x7E8,8,037F2E3100000000,7F2E31
1065,222092553,0x7E0,8,062E123483F37F00,2E123483F37F
1066,222096630,0x7E8,8,036E123400000000,6E1234
1067,222108069,0x7E0,8,052E12343B7D0000,2E12343B7D
1068,222112152,0x7E8,8,036E123400000000,6E1234
1069,222123672,0x7E0,8,062E1234FE995D00,2E1234FE995D
1070,222127751,0x7E8,8,036E123400000000,6E1234
1071,222139497,0x7E0,8,042E123421000000,2E123421
1072,222143582,0x7E8,8,036E123400000000,6E1234
1073,222154687,0x7E0,8,052E1234CCAD0000,2E1234CCAD
1074,222158770,0x7E8,8,036E123400000000,6E1234
1075,222169574,0x7E0,8,072E123464398966,2E123464398966
1076,222173646,0x7E8,8,036E123400000000,6E1234
1077,222185007,0x7E0,8,062E1234CE9A8F00,2E1234CE9A8F
1078,222189085,0x7E8,8,036E123400000000,6E1234
1079,222199883,0x7E0,8,042E123489000000,2E123489
1080,222203970,0x7E8,8,036E123400000000,6E1234
1081,222215207,0x7E0,8,042E3333EF000000,2E3333EF
1082,222219296,0x7E8,8,037F2E3100000000,7F2E31
1083,222229920,0x7E0,8,062E1234D0D63400,2E1234D0D634
1084,222233999,0x7E8,8,036E123400000000,6E1234
1085,222244639,0x7E0,8,052E1234D1E40000,2E1234D1E4
1086,222248722,0x7E8,8,036E123400000000,6E1234
1087,222259435,0x7E0,8,062E123457F29900,2E123457F299
1088,222263511,0x7E8,8,036E123400000000,6E1234
1089,222274802,0x7E0,8,062E1234901BDC00,2E1234901BDC
1090,222278881,0x7E8,8,036E123400000000,6E1234
1091,222289515,0x7E0,8,052E123484240000,2E12348424
1092,222293596,0x7E8,8,036E123400000000,6E1234
1093,222304034,0x7E0,8,072E1234C6DE99E6,2E1234C6DE99E6
1094,222308109,0x7E8,8,036E123400000000,6E1234
1095,222318643,0x7E0,8,042E1234FE000000,2E1234FE
1096,222322729,0x7E8,8,036E123400000000,6E1234
1097,222333266,0x7E0,8,042E123465000000,2E123465
1098,222337353,0x7E8,8,036E123400000000,6E1234
1099,222347988,0x7E0,8,062E1001DA6EC600,2E1001DA6EC6
1100,222352071,0x7E8,8,037F2E3100000000,7F2E31
1101,222362577,0x7E0,8,062E1234EDE6EE00,2E1234EDE6EE
1102,222366653,0x7E8,8,036E123400000000,6E1234
1103,222377167,0x7E0,8,072E123494BC81CA,2E123494BC81CA
1104,222381242,0x7E8,8,036E123400000000,6E1234
1105,222391931,0x7E0,8,052E12340CBD0000,2E12340CBD
1106,222396018,0x7E8,8,036E123400000000,6E1234
1107,222406462,0x7E0,8,052E123454590000,2E12345459
1108,222410542,0x7E8,8,036E123400000000,6E1234
1109,222421127,0x7E0,8,042E12341B000000,2E12341B
1110,222425214,0x7E8,8,036E123400000000,6E1234
1111,222435967,0x7E0,8,052E33336F210000,2E33336F21
1112,222440050,0x7E8,8,037F2E3100000000,7F2E31
1113,222451312,0x7E0,8,042E100175000000,2E100175
1114,222455400,0x7E8,8,037F2E3100000000,7F2E31
1115,222466058,0x7E0,8,062E1234573AE700,2E1234573AE7
1116,222470137,0x7E8,8,036E123400000000,6E1234
1117,222480653,0x7E0,8,072E1234BA03B0C0,2E1234BA03B0C0
1118,222484732,0x7E8,8,036E123400000000,6E1234
1119,222495384,0x7E0,8,062E1234DF75BC00,2E1234DF75BC
1120,222499461,0x7E8,8,036E123400000000,6E1234
1121,222510231,0x7E0,8,062E10014B542400,2E10014B5424
1122,222514317,0x7E8,8,037F2E3100000000,7F2E31
1123,222525630,0x7E0,8,062E123491F73500,2E123491F735
1124,222529706,0x7E8,8,036E123400000000,6E1234
1125,222540392,0x7E0,8,052E12347C760000,2E12347C76
1126,222544473,0x7E8,8,036E123400000000,6E1234
1127,222556011,0x7E0,8,042E12346E000000,2E12346E
1128,222560098,0x7E8,8,036E123400000000,6E1234
1129,222571517,0x7E0,8,042E1234FA000000,2E1234FA
1130,222575601,0x7E8,8,036E123400000000,6E1234
1131,222586130,0x7E0,8,042E33337D000000,2E33337D
1132,222590216,0x7E8,8,037F2E3100000000,7F2E31
1133,222600745,0x7E0,8,042E22226C000000,2E22226C
1134,222604831,0x7E8,8,037F2E3100000000,7F2E31
1135,222615382,0x7E0,8,052E12344D840000,2E12344D84
1136,222619463,0x7E8,8,036E123400000000,6E1234
1137,222629918,0x7E0,8,072E123439A70017,2E123439A70017
1138,222633997,0x7E8,8,036E123400000000,6E1234
1139,222644564,0x7E0,8,042E123447000000,2E123447
1140,222648649,0x7E8,8,036E123400000000,6E1234
1141,222659224,0x7E0,8,072E1234C7EBBA02,2E1234C7EBBA02
1142,222663306,0x7E8,8,036E123400000000,6E1234
1143,222674178,0x7E0,8,042E1234A6000000,2E1234A6
1144,222678265,0x7E8,8,036E123400000000,6E1234
1145,222689783,0x7E0,8,072E1234DEA62F8D,2E1234DEA62F8D
1146,222693858,0x7E8,8,036E123400000000,6E1234
1147,222704976,0x7E0,8,062E1234E911E400,2E1234E911E4
1148,222709055,0x7E8,8,036E123400000000,6E1234
1149,222720190,0x7E0,8,062E123451FE4400,2E123451FE44
1150,222724269,0x7E8,8,036E123400000000,6E1234
1151,222735382,0x7E0,8,052E1234DFEA0000,2E1234DFEA
1152,222739463,0x7E8,8,036E123400000000,6E1234
1153,222750973,0x7E0,8,062E333364417900,2E3333644179
1154,222755052,0x7E8,8,037F2E3100000000,7F2E31
1155,222765631,0x7E0,8,032E123400000000,2E1234
1156,222769721,0x7E8,8,037F2E1300000000,7F2E13
1157,222780257,0x7E0,8,072E123495218BEA,2E123495218BEA
1158,222784333,0x7E8,8,036E123400000000,6E1234
1159,222794969,0x7E0,8,042E123429000000,2E123429
1160,222799056,0x7E8,8,036E123400000000,6E1234
1161,222809612,0x7E0,8,062E12346D481600,2E12346D4816
1162,222813689,0x7E8,8,036E123400000000,6E1234
1163,222824931,0x7E0,8,052E12347FA40000,2E12347FA4
1164,222829014,0x7E8,8,036E123400000000,6E1234
1165,222840014,0x7E0,8,072E12341CCC1A99,2E12341CCC1A99
1166,222844089,0x7E8,8,036E123400000000,6E1234
1167,222855300,0x7E0,8,072E1234A12A68AC,2E1234A12A68AC
1168,222859372,0x7E8,8,036E123400000000,6E1234
1169,222870266,0x7E0,8,052E1234EA230000,2E1234EA23
1170,222874350,0x7E8,8,036E123400000000,6E1234
1171,222885533,0x7E0,8,052E1234ECCC0000,2E1234ECCC
1172,222889614,0x7E8,8,036E123400000000,6E1234
1173,222900387,0x7E0,8,052E100173210000,2E10017321
1174,222904472,0x7E8,8,037F2E3100000000,7F2E31
1175,222914945,0x7E0,8,062E12343CDA1300,2E12343CDA13
1176,222919023,0x7E8,8,036E123400000000,6E1234
1177,222929534,0x7E0,8,052E123431950000,2E12343195
1178,222933615,0x7E8,8,036E123400000000,6E1234
1179,222944262,0x7E0,8,042E12342D000000,2E12342D
1180,222948349,0x7E8,8,036E123400000000,6E1234
1181,222958748,0x7E0,8,032E123400000000,2E1234
1182,222962839,0x7E8,8,037F2E1300000000,7F2E13
1183,222973591,0x7E0,8,062E123439BC1E00,2E123439BC1E
1184,222977668,0x7E8,8,036E123400000000,6E1234
1185,222990316,0x7E0,8,052E12348D830000,2E12348D83
1186,222994396,0x7E8,8,036E123400000000,6E1234
1187,223007312,0x7E0,8,052E1001C4CE0000,2E1001C4CE
1188,223011397,0x7E8,8,037F2E3100000000,7F2E31
1189,223023155,0x7E0,8,072E1234B3053DDC,2E1234B3053DDC
1190,223027234,0x7E8,8,036E123400000000,6E1234
1191,223038063,0x7E0,8,042E123497000000,2E123497
1192,223042150,0x7E8,8,036E123400000000,6E1234
1193,223052627,0x7E0,8,062E123440390E00,2E123440390E
1194,223056708,0x7E8,8,036E123400000000,6E1234
1195,223067691,0x7E0,8,072E12349301C336,2E12349301C336
1196,223071770,0x7E8,8,036E123400000000,6E1234
1197,223083232,0x7E0,8,072E1234756BCF6C,2E1234756BCF6C
1198,223087309,0x7E8,8,036E123400000000,6E1234
1199,223098893,0x7E0,8,062E123465AB7600,2E123465AB76
1200,223102971,0x7E8,8,036E123400000000,6E1234
1201,223114039,0x7E0,8,072E12342BA800C9,2E12342BA800C9
1202,223118118,0x7E8,8,036E123400000000,6E1234
1203,223128635,0x7E0,8,062E2222A1B81A00,2E2222A1B81A
1204,223132713,0x7E8,8,037F2E3100000000,7F2E31
1205,223143216,0x7E0,8,052E1234B4E50000,2E1234B4E5
1206,223147301,0x7E8,8,036E123400000000,6E1234
1207,223158190,0x7E0,8,072E1234888813F3,2E1234888813F3
1208,223162265,0x7E8,8,036E123400000000,6E1234
1209,223173721,0x7E0,8,052E1234C5870000,2E1234C587
1210,223177804,0x7E8,8,036E123400000000,6E1234
1211,223188371,0x7E0,8,052E2222EB180000,2E2222EB18
1212,223192452,0x7E8,8,037F2E3100000000,7F2E31
1213,223202789,0x7E0,8,042E12343A000000,2E12343A
1214,223206876,0x7E8,8,036E123400000000,6E1234
1215,223217573,0x7E0,8,072E1234B90E2A04,2E1234B90E2A04
1216,223221654,0x7E8,8,036E123400000000,6E1234
1217,223232134,0x7E0,8,062E1234496B2E00,2E1234496B2E
1218,223236212,0x7E8,8,036E123400000000,6E1234
1219,223246717,0x7E0,8,072E22229EAB0DFE,2E22229EAB0DFE
1220,223250797,0x7E8,8,037F2E3100000000,7F2E31
1221,223261533,0x7E0,8,052E12346E090000,2E12346E09
1222,223265617,0x7E8,8,036E123400000000,6E1234
1223,223275970,0x7E0,8,062E12345FB14800,2E12345FB148
1224,223280049,0x7E8,8,036E123400000000,6E1234
1225,223290616,0x7E0,8,072E12348EEE57DD,2E12348EEE57DD
1226,223294689,0x7E8,8,036E123400000000,6E1234
1227,223305706,0x7E0,8,042E12349D000000,2E12349D
1228,223309793,0x7E8,8,036E123400000000,6E1234
1229,223320883,0x7E0,8,062E1234ECCD4500,2E1234ECCD45
1230,223324962,0x7E8,8,036E123400000000,6E1234
1231,223337380,0x7E0,8,072E12349B33F709,2E12349B33F709
1232,223341457,0x7E8,8,036E123400000000,6E1234
1233,223352680,0x7E0,8,042E1234E7000000,2E1234E7
1234,223356766,0x7E8,8,036E123400000000,6E1234
1235,223367733,0x7E0,8,072E1234BDEBE766,2E1234BDEBE766
1236,223371808,0x7E8,8,036E123400000000,6E1234
1237,223382673,0x7E0,8,072E1234BBF4ED29,2E1234BBF4ED29
1238,223386748,0x7E8,8,036E123400000000,6E1234
1239,223398393,0x7E0,8,042E1001E5000000,2E1001E5
1240,223402482,0x7E8,8,037F2E3100000000,7F2E31
1241,223413665,0x7E0,8,072E1234C8C6D91A,2E1234C8C6D91A
1242,223417740,0x7E8,8,036E123400000000,6E1234
1243,223428414,0x7E0,8,062E123439451D00,2E123439451D
1244,223432490,0x7E8,8,036E123400000000,6E1234
1245,223442850,0x7E0,8,052E100198A80000,2E100198A8
1246,223446937,0x7E8,8,037F2E3100000000,7F2E31
1247,223457589,0x7E0,8,032E123400000000,2E1234
1248,223461677,0x7E8,8,037F2E1300000000,7F2E13
1249,223472253,0x7E0,8,052E1234E99A0000,2E1234E99A
1250,223476337,0x7E8,8,036E123400000000,6E1234
1251,223486888,0x7E0,8,052E2222130F0000,2E2222130F
1252,223490975,0x7E8,8,037F2E3100000000,7F2E31
1253,223501537,0x7E0,8,052E123412C10000,2E123412C1
1254,223505616,0x7E8,8,036E123400000000,6E1234
1255,223516122,0x7E0,8,072E123476AD9593,2E123476AD9593
1256,223520197,0x7E8,8,036E123400000000,6E1234
1257,223530725,0x7E0,8,042E1234FD000000,2E1234FD
1258,223534811,0x7E8,8,036E123400000000,6E1234
1259,223545497,0x7E0,8,052E1234B62E0000,2E1234B62E
1260,223549578,0x7E8,8,036E123400000000,6E1234
1261,223559966,0x7E0,8,062E123438D00E00,2E123438D00E
1262,223564049,0x7E8,8,036E123400000000,6E1234
1263,223574644,0x7E0,8,042E123413000000,2E123413
1264,223578731,0x7E8,8,036E123400000000,6E1234
1265,223589354,0x7E0,8,062E12349CF7C800,2E12349CF7C8
1266,223593430,0x7E8,8,036E123400000000,6E1234
1267,223603925,0x7E0,8,052E12341C1C0000,2E12341C1C
1268,223608008,0x7E8,8,036E123400000000,6E1234
1269,223618592,0x7E0,8,052E12342C2D0000,2E12342C2D
1270,223622673,0x7E8,8,036E123400000000,6E1234
1271,223637903,0x7E0,8,052EF18720BE0000,2EF18720BE
1272,223641986,0x7E8,8,037F2E3100000000,7F2E31
1273,223652902,0x7E0,8,042E1234DE000000,2E1234DE
1274,223656988,0x7E8,8,036E123400000000,6E1234
1275,223667680,0x7E0,8,072E1234FF331C2E,2E1234FF331C2E
1276,223671754,0x7E8,8,036E123400000000,6E1234
1277,223682974,0x7E0,8,062E1234CF7ECE00,2E1234CF7ECE
1278,223687053,0x7E8,8,036E123400000000,6E1234
1279,223697581,0x7E0,8,062E1001AFF89900,2E1001AFF899
1280,223701662,0x7E8,8,037F2E3100000000,7F2E31
1281,223712848,0x7E0,8,062EF187578FEE00,2EF187578FEE
1282,223716927,0x7E8,8,037F2E3100000000,7F2E31
1283,223728040,0x7E0,8,052E123490280000,2E12349028
1284,223732122,0x7E8,8,036E123400000000,6E1234
1285,223742926,0x7E0,8,072E123415F6690E,2E123415F6690E
1286,223747005,0x7E8,8,036E123400000000,6E1234
1287,223758345,0x7E0,8,042E123421000000,2E123421
1288,223762430,0x7E8,8,036E123400000000,6E1234
1289,223774007,0x7E0,8,062E1234E02E6000,2E1234E02E60
1290,223778086,0x7E8,8,036E123400000000,6E1234
1291,223789443,0x7E0,8,042E1234FF000000,2E1234FF
1292,223793528,0x7E8,8,036E123400000000,6E1234
1293,223804318,0x7E0,8,052E123467050000,2E12346705
1294,223808402,0x7E8,8,036E123400000000,6E1234
1295,223819579,0x7E0,8,072E1234E582F03A,2E1234E582F03A
1296,223823652,0x7E8,8,036E123400000000,6E1234
1297,223834239,0x7E0,8,072E1234377F5455,2E1234377F5455
1298,223838316,0x7E8,8,036E123400000000,6E1234
1299,223848889,0x7E0,8,052E1234332E0000,2E1234332E
1300,223852972,0x7E8,8,036E123400000000,6E1234
1301,223863613,0x7E0,8,042E1234CE000000,2E1234CE
1302,223867697,0x7E8,8,036E123400000000,6E1234
1303,223878250,0x7E0,8,062E1234D91EE200,2E1234D91EE2
1304,223882330,0x7E8,8,036E123400000000,6E1234
1305,223893010,0x7E0,8,032E123400000000,2E1234
1306,223897101,0x7E8,8,037F2E1300000000,7F2E13
1307,223908756,0x7E0,8,042E123411000000,2E123411
1308,223912843,0x7E8,8,036E123400000000,6E1234
1309,223924248,0x7E0,8,052EF187F3E20000,2EF187F3E2
1310,223928332,0x7E8,8,037F2E3100000000,7F2E31
1311,223939696,0x7E0,8,042E12345E000000,2E12345E
1312,223943783,0x7E8,8,036E123400000000,6E1234
1313,223954299,0x7E0,8,072E12344D516B93,2E12344D516B93
1314,223958372,0x7E8,8,036E123400000000,6E1234
1315,223968951,0x7E0,8,052E1234EE710000,2E1234EE71
1316,223973033,0x7E8,8,036E123400000000,6E1234
1317,223983933,0x7E0,8,042E10012D000000,2E10012D
1318,223988024,0x7E8,8,037F2E3100000000,7F2E31
1319,223999336,0x7E0,8,062E123418D3E900,2E123418D3E9
1320,224003413,0x7E8,8,036E123400000000,6E1234
1321,224013795,0x7E0,8,042E12342A000000,2E12342A
1322,224017882,0x7E8,8,036E123400000000,6E1234
1323,224028664,0x7E0,8,052E22228DAC0000,2E22228DAC
1324,224032746,0x7E8,8,037F2E3100000000,7F2E31
1325,224044638,0x7E0,8,042E123471000000,2E123471
1326,224048725,0x7E8,8,036E123400000000,6E1234
1327,224060493,0x7E0,8,032E123400000000,2E1234
1328,224064582,0x7E8,8,037F2E1300000000,7F2E13
1329,224075361,0x7E0,8,042EF187C4000000,2EF187C4
1330,224079444,0x7E8,8,037F2E3100000000,7F2E31
1331,224089939,0x7E0,8,072E12349B270EF5,2E12349B270EF5
1332,224094018,0x7E8,8,036E123400000000,6E1234
1333,224104608,0x7E0,8,052E12349B010000,2E12349B01
1334,224108693,0x7E8,8,036E123400000000,6E1234
1335,224119246,0x7E0,8,042E1234FF000000,2E1234FF
1336,224123333,0x7E8,8,036E123400000000,6E1234
1337,224133907,0x7E0,8,062E1234B945F700,2E1234B945F7
1338,224137986,0x7E8,8,036E123400000000,6E1234
1339,224148468,0x7E0,8,072E1234C30577F5,2E1234C30577F5
1340,224152545,0x7E8,8,036E123400000000,6E1234
1341,224163336,0x7E0,8,072E33332A53C0DA,2E33332A53C0DA
1342,224167408,0x7E8,8,037F2E3100000000,7F2E31
1343,224178924,0x7E0,8,042E3333FA000000,2E3333FA
1344,224183011,0x7E8,8,037F2E3100000000,7F2E31
1345,224193612,0x7E0,8,072E3333DB0667B1,2E3333DB0667B1
1346,224197689,0x7E8,8,037F2E3100000000,7F2E31
1347,224209362,0x7E0,8,032E123400000000,2E1234
1348,224213450,0x7E8,8,037F2E1300000000,7F2E13
1349,224224634,0x7E0,8,072E12346F24E7F9,2E12346F24E7F9
1350,224228706,0x7E8,8,036E123400000000,6E1234
1351,224239600,0x7E0,8,072E123489CBA81E,2E123489CBA81E
1352,224243673,0x7E8,8,036E123400000000,6E1234
1353,224257249,0x7E0,8,062E3333A6243F00,2E3333A6243F
1354,224261329,0x7E8,8,037F2E3100000000,7F2E31
1355,224272805,0x7E0,8,052E12342A370000,2E12342A37
1356,224276888,0x7E8,8,036E123400000000,6E1234
1357,224288073,0x7E0,8,062E123405C46100,2E123405C461
1358,224292157,0x7E8,8,036E123400000000,6E1234
1359,224302966,0x7E0,8,072EF187BF621BF4,2EF187BF621BF4
1360,224307040,0x7E8,8,037F2E3100000000,7F2E31
1361,224318342,0x7E0,8,042E10010C000000,2E10010C
1362,224322435,0x7E8,8,037F2E3100000000,7F2E31
1363,224333310,0x7E0,8,062E12344F92FF00,2E12344F92FF
1364,224337387,0x7E8,8,036E123400000000,6E1234
1365,224348869,0x7E0,8,062E1001206C0100,2E1001206C01
1366,224352956,0x7E8,8,037F2E3100000000,7F2E31
1367,224364409,0x7E0,8,052E1234035E0000,2E1234035E
1368,224368494,0x7E8,8,036E123400000000,6E1234
1369,224379807,0x7E0,8,062E1234522BCC00,2E1234522BCC
1370,224383886,0x7E8,8,036E123400000000,6E1234
1371,224394498,0x7E0,8,052E100103EF0000,2E100103EF
1372,224398587,0x7E8,8,037F2E3100000000,7F2E31
1373,224409279,0x7E0,8,042E123447000000,2E123447
1374,224413367,0x7E8,8,036E123400000000,6E1234
1375,224424737,0x7E0,8,062E33333D37D900,2E33333D37D9
1376,224428815,0x7E8,8,037F2E3100000000,7F2E31
1377,224439962,0x7E0,8,042E123411000000,2E123411
1378,224444049,0x7E8,8,036E123400000000,6E1234
1379,224455049,0x7E0,8,042E1234F5000000,2E1234F5
1380,224459136,0x7E8,8,036E123400000000,6E1234
1381,224469748,0x7E0,8,042E1234E3000000,2E1234E3
1382,224473835,0x7E8,8,036E123400000000,6E1234
1383,224484340,0x7E0,8,032E123400000000,2E1234
1384,224488428,0x7E8,8,037F2E1300000000,7F2E13
1385,224498940,0x7E0,8,052E12340F460000,2E12340F46
1386,224503027,0x7E8,8,036E123400000000,6E1234
1387,224513527,0x7E0,8,062E12345C738C00,2E12345C738C
1388,224517604,0x7E8,8,036E123400000000,6E1234
1389,224528171,0x7E0,8,072E1234CFFDC819,2E1234CFFDC819
1390,224532246,0x7E8,8,036E123400000000,6E1234
1391,224542991,0x7E0,8,042E1234B1000000,2E1234B1
1392,224547078,0x7E8,8,036E123400000000,6E1234
1393,224558402,0x7E0,8,052E1234719D0000,2E1234719D
1394,224562482,0x7E8,8,036E123400000000,6E1234
1395,224572999,0x7E0,8,042E123473000000,2E123473
1396,224577086,0x7E8,8,036E123400000000,6E1234
1397,224587794,0x7E0,8,052E12349EB90000,2E12349EB9
1398,224591877,0x7E8,8,036E123400000000,6E1234
1399,224602371,0x7E0,8,072E123484501867,2E123484501867
1400,224606443,0x7E8,8,036E123400000000,6E1234
1401,224616988,0x7E0,8,052E1234587D0000,2E1234587D
1402,224621071,0x7E8,8,036E123400000000,6E1234
1403,224631689,0x7E0,8,032E123400000000,2E1234
1404,224635779,0x7E8,8,037F2E1300000000,7F2E13
1405,224646276,0x7E0,8,042E123424000000,2E123424
1406,224650363,0x7E8,8,036E123400000000,6E1234
1407,224661252,0x7E0,8,062E1234E3C81200,2E1234E3C812
1408,224665331,0x7E8,8,036E123400000000,6E1234
1409,224676779,0x7E0,8,072E1234CE6D21ED,2E1234CE6D21ED
1410,224680854,0x7E8,8,036E123400000000,6E1234
1411,224692291,0x7E0,8,062E222210C52700,2E222210C527
1412,224696367,0x7E8,8,037F2E3100000000,7F2E31
1413,224707014,0x7E0,8,042E1234C0000000,2E1234C0
1414,224711101,0x7E8,8,036E123400000000,6E1234
1415,224722340,0x7E0,8,042E123412000000,2E123412
1416,224726424,0x7E8,8,036E123400000000,6E1234
1417,224737026,0x7E0,8,052EF187A9DB0000,2EF187A9DB
1418,224741109,0x7E8,8,037F2E3100000000,7F2E31
1419,224751688,0x7E0,8,042E123498000000,2E123498
1420,224755774,0x7E8,8,036E123400000000,6E1234
1421,224766364,0x7E0,8,062E12345D99F700,2E12345D99F7
1422,224770440,0x7E8,8,036E123400000000,6E1234
1423,224781177,0x7E0,8,042E123447000000,2E123447
1424,224785264,0x7E8,8,036E123400000000,6E1234
1425,224796512,0x7E0,8,052E2222AD9B0000,2E2222AD9B
1426,224800593,0x7E8,8,037F2E3100000000,7F2E31
1427,224811229,0x7E0,8,042E1234C6000000,2E1234C6
1428,224815318,0x7E8,8,036E123400000000,6E1234
1429,224825880,0x7E0,8,072E123416BBB025,2E123416BBB025
1430,224829955,0x7E8,8,036E123400000000,6E1234
1431,224840477,0x7E0,8,072E123401C3857B,2E123401C3857B
1432,224844554,0x7E8,8,036E123400000000,6E1234
1433,224855997,0x7E0,8,072E123439EE3C5C,2E123439EE3C5C
1434,224860072,0x7E8,8,036E123400000000,6E1234
1435,224870656,0x7E0,8,052E1234B6A90000,2E1234B6A9
1436,224874738,0x7E8,8,036E123400000000,6E1234
1437,224885328,0x7E0,8,062EF187A824FE00,2EF187A824FE
1438,224889405,0x7E8,8,037F2E3100000000,7F2E31
1439,224900063,0x7E0,8,072E123497B2C9CE,2E123497B2C9CE
1440,224904138,0x7E8,8,036E123400000000,6E1234
1441,224914553,0x7E0,8,062E1234E4405300,2E1234E44053
1442,224918629,0x7E8,8,036E123400000000,6E1234
1443,224929199,0x7E0,8,052E1234874F0000,2E1234874F
1444,224933282,0x7E8,8,036E123400000000,6E1234
1445,224943943,0x7E0,8,072E1234021FE1EA,2E1234021FE1EA
1446,224948022,0x7E8,8,036E123400000000,6E1234
1447,224958691,0x7E0,8,062E123447784400,2E1234477844
1448,224962770,0x7E8,8,036E123400000000,6E1234
1449,224973171,0x7E0,8,062E1234E50D7900,2E1234E50D79
1450,224977254,0x7E8,8,036E123400000000,6E1234
1451,224988022,0x7E0,8,052E1234E51E0000,2E1234E51E
1452,224992105,0x7E8,8,036E123400000000,6E1234
1453,225003856,0x7E0,8,062E123489BA6000,2E123489BA60
1454,225007934,0x7E8,8,036E123400000000,6E1234
1455,225019255,0x7E0,8,062E123485CC2700,2E123485CC27
1456,225023334,0x7E8,8,036E123400000000,6E1234
1457,225034636,0x7E0,8,062E12346C91D900,2E12346C91D9
1458,225038715,0x7E8,8,036E123400000000,6E1234
1459,225049274,0x7E0,8,062E1234395E3300,2E1234395E33
1460,225053353,0x7E8,8,036E123400000000,6E1234
1461,225063966,0x7E0,8,072E12347E6CED61,2E12347E6CED61
1462,225068040,0x7E8,8,036E123400000000,6E1234
1463,225078501,0x7E0,8,062E123419809F00,2E123419809F
1464,225082578,0x7E8,8,036E123400000000,6E1234
1465,225093219,0x7E0,8,032E123400000000,2E1234
1466,225097312,0x7E8,8,037F2E1300000000,7F2E13
1467,225107982,0x7E0,8,032E123400000000,2E1234
1468,225112073,0x7E8,8,037F2E1300000000,7F2E13
1469,225122702,0x7E0,8,042E1234C3000000,2E1234C3
1470,225126789,0x7E8,8,036E123400000000,6E1234
1471,225138273,0x7E0,8,062E1234CA46AB00,2E1234CA46AB
1472,225142353,0x7E8,8,036E123400000000,6E1234
1473,225152893,0x7E0,8,052E123428730000,2E12342873
1474,225156975,0x7E8,8,036E123400000000,6E1234
1475,225167498,0x7E0,8,052E1234DF130000,2E1234DF13
1476,225171578,0x7E8,8,036E123400000000,6E1234
1477,225182134,0x7E0,8,042E12345C000000,2E12345C
1478,225186220,0x7E8,8,036E123400000000,6E1234
1479,225196866,0x7E0,8,052E10011E800000,2E10011E80
1480,225200953,0x7E8,8,037F2E3100000000,7F2E31
1481,225212384,0x7E0,8,052E22220B290000,2E22220B29
1482,225216469,0x7E8,8,037F2E3100000000,7F2E31
1483,225227003,0x7E0,8,072E1234E3D46CA8,2E1234E3D46CA8
1484,225231078,0x7E8,8,036E123400000000,6E1234
1485,225241741,0x7E0,8,072E1234A5BE28F4,2E1234A5BE28F4
1486,225245815,0x7E8,8,036E123400000000,6E1234
1487,225257181,0x7E0,8,052E1234BA180000,2E1234BA18
1488,225261264,0x7E8,8,036E123400000000,6E1234
1489,225272805,0x7E0,8,072E123494474420,2E123494474420
1490,225276880,0x7E8,8,036E123400000000,6E1234
1491,225287639,0x7E0,8,062E123404332500,2E1234043325
1492,225291722,0x7E8,8,036E123400000000,6E1234
1493,225303031,0x7E0,8,052E12347E090000,2E12347E09
1494,225307118,0x7E8,8,036E123400000000,6E1234
1495,225317770,0x7E0,8,042E123450000000,2E123450
1496,225321856,0x7E8,8,036E123400000000,6E1234
1497,225332373,0x7E0,8,062E1234C75B1E00,2E1234C75B1E
1498,225336449,0x7E8,8,036E123400000000,6E1234
1499,225347051,0x7E0,8,072E123434AA0433,2E123434AA0433
1500,225351130,0x7E8,8,036E123400000000,6E1234
1501,225361619,0x7E0,8,062EF187C3C3C100,2EF187C3C3C1
1502,225365695,0x7E8,8,037F2E3100000000,7F2E31
1503,225376544,0x7E0,8,072E12344B4A7F7A,2E12344B4A7F7A
1504,225380616,0x7E8,8,036E123400000000,6E1234
1505,225392031,0x7E0,8,072E12344EE4D205,2E12344EE4D205
1506,225396110,0x7E8,8,036E123400000000,6E1234
1507,225407715,0x7E0,8,042EF187F6000000,2EF187F6
1508,225411802,0x7E8,8,037F2E3100000000,7F2E31
1509,225423106,0x7E0,8,062E1234BE46D600,2E1234BE46D6
1510,225427185,0x7E8,8,036E123400000000,6E1234
1511,225437909,0x7E0,8,042E1234B2000000,2E1234B2
1512,225441996,0x7E8,8,036E123400000000,6E1234
1513,225453298,0x7E0,8,042E1234F9000000,2E1234F9
1514,225457383,0x7E8,8,036E123400000000,6E1234
1515,225468420,0x7E0,8,042E2222BD000000,2E2222BD
1516,225472505,0x7E8,8,037F2E3100000000,7F2E31
1517,225485216,0x7E0,8,052E222246890000,2E22224689
1518,225489301,0x7E8,8,037F2E3100000000,7F2E31
1519,225500423,0x7E0,8,042E123440000000,2E123440
1520,225504508,0x7E8,8,036E123400000000,6E1234
1521,225516181,0x7E0,8,032E123400000000,2E1234
1522,225520272,0x7E8,8,037F2E1300000000,7F2E13
1523,225531380,0x7E0,8,042E1234DB000000,2E1234DB
1524,225535464,0x7E8,8,036E123400000000,6E1234
1525,225546066,0x7E0,8,062E1234C0A1D300,2E1234C0A1D3
1526,225550145,0x7E8,8,036E123400000000,6E1234
1527,225560729,0x7E0,8,052E1234E90D0000,2E1234E90D
1528,225564816,0x7E8,8,036E123400000000,6E1234
1529,225575428,0x7E0,8,052E12348C360000,2E12348C36
1530,225579509,0x7E8,8,036E123400000000,6E1234
1531,225590116,0x7E0,8,052E1234B40D0000,2E1234B40D
1532,225594203,0x7E8,8,036E123400000000,6E1234
1533,225605701,0x7E0,8,052EF187A6E70000,2EF187A6E7
1534,225609784,0x7E8,8,037F2E3100000000,7F2E31
1535,225620213,0x7E0,8,042E1234EE000000,2E1234EE
1536,225624303,0x7E8,8,036E123400000000,6E1234
1537,225635056,0x7E0,8,032E123400000000,2E1234
1538,225639147,0x7E8,8,037F2E1300000000,7F2E13
1539,225650471,0x7E0,8,042EF18787000000,2EF18787
1540,225654555,0x7E8,8,037F2E3100000000,7F2E31
1541,225665084,0x7E0,8,042E1234FB000000,2E1234FB
1542,225669171,0x7E8,8,036E123400000000,6E1234
1543,225680030,0x7E0,8,072E123402A03692,2E123402A03692
1544,225684109,0x7E8,8,036E123400000000,6E1234
1545,225695338,0x7E0,8,052E10015C220000,2E10015C22
1546,225699423,0x7E8,8,037F2E3100000000,7F2E31
1547,225709991,0x7E0,8,052E12344DCF0000,2E12344DCF
1548,225714074,0x7E8,8,036E123400000000,6E1234
1549,225724922,0x7E0,8,072E1234ABF98F2C,2E1234ABF98F2C
1550,225728997,0x7E8,8,036E123400000000,6E1234
1551,225740383,0x7E0,8,062E12341DB02F00,2E12341DB02F
1552,225744460,0x7E8,8,036E123400000000,6E1234
1553,225755306,0x7E0,8,072E1234E19FB9D4,2E1234E19FB9D4
1554,225759379,0x7E8,8,036E123400000000,6E1234
1555,225770562,0x7E0,8,072EF187275AB024,2EF187275AB024
1556,225774635,0x7E8,8,037F2E3100000000,7F2E31
1557,225785177,0x7E0,8,072E12349CAEC7E6,2E12349CAEC7E6
1558,225789252,0x7E8,8,036E123400000000,6E1234
1559,225799868,0x7E0,8,072E12344835AFAB,2E12344835AFAB
1560,225803942,0x7E8,8,036E123400000000,6E1234
1561,225814324,0x7E0,8,072E1234E1E077EF,2E1234E1E077EF
1562,225818396,0x7E8,8,036E123400000000,6E1234
1563,225829293,0x7E0,8,062E1234A6BB8300,2E1234A6BB83
1564,225833370,0x7E8,8,036E123400000000,6E1234
1565,225844745,0x7E0,8,062E12345F683000,2E12345F6830
1566,225848824,0x7E8,8,036E123400000000,6E1234
1567,225859276,0x7E0,8,072E1234083B63BF,2E1234083B63BF
1568,225863356,0x7E8,8,036E123400000000,6E1234
1569,225874025,0x7E0,8,062E12343624EE00,2E12343624EE
1570,225878104,0x7E8,8,036E123400000000,6E1234
1571,225888553,0x7E0,8,042E100127000000,2E100127
1572,225892642,0x7E8,8,037F2E3100000000,7F2E31
1573,225903293,0x7E0,8,042E10010A000000,2E10010A
1574,225907387,0x7E8,8,037F2E3100000000,7F2E31
1575,225918368,0x7E0,8,042E12344B000000,2E12344B
1576,225922453,0x7E8,8,036E123400000000,6E1234
1577,225933518,0x7E0,8,042E10019A000000,2E10019A
1578,225937607,0x7E8,8,037F2E3100000000,7F2E31
1579,225948203,0x7E0,8,042E123428000000,2E123428
1580,225952292,0x7E8,8,036E123400000000,6E1234
1581,225962742,0x7E0,8,052E12348E600000,2E12348E60
1582,225966825,0x7E8,8,036E123400000000,6E1234
1583,225977460,0x7E0,8,062E1234F226C300,2E1234F226C3
1584,225981537,0x7E8,8,036E123400000000,6E1234
1585,225992071,0x7E0,8,062E1234C9C62600,2E1234C9C626
1586,225996150,0x7E8,8,036E123400000000,6E1234
1587,226006639,0x7E0,8,042E10016A000000,2E10016A
1588,226010730,0x7E8,8,037F2E3100000000,7F2E31
1589,226021283,0x7E0,8,072E123406356C4D,2E123406356C4D
1590,226025363,0x7E8,8,036E123400000000,6E1234
1591,226035897,0x7E0,8,042E12346D000000,2E12346D
1592,226039984,0x7E8,8,036E123400000000,6E1234
1593,226050529,0x7E0,8,032E123400000000,2E1234
1594,226054616,0x7E8,8,037F2E1300000000,7F2E13
1595,226068632,0x7E0,8,062E1234FD235600,2E1234FD2356
1596,226072708,0x7E8,8,036E123400000000,6E1234
1597,226083669,0x7E0,8,062E123405E16500,2E123405E165
1598,226087752,0x7E8,8,036E123400000000,6E1234
1599,226098730,0x7E0,8,072E1234DFFE6E04,2E1234DFFE6E04
1600,226102810,0x7E8,8,036E123400000000,6E1234
1601,226113990,0x7E0,8,072E1234E45034D2,2E1234E45034D2
1602,226118065,0x7E8,8,036E123400000000,6E1234
1603,226128604,0x7E0,8,062E12345B95B400,2E12345B95B4
1604,226132681,0x7E8,8,036E123400000000,6E1234
1605,226143406,0x7E0,8,052E1234CF850000,2E1234CF85
1606,226147485,0x7E8,8,036E123400000000,6E1234
1607,226158109,0x7E0,8,072E1234251CABA4,2E1234251CABA4
1608,226162183,0x7E8,8,036E123400000000,6E1234
1609,226173529,0x7E0,8,072E1234986CFE82,2E1234986CFE82
1610,226177602,0x7E8,8,036E123400000000,6E1234
1611,226188164,0x7E0,8,072E1234E7B3DBEE,2E1234E7B3DBEE
1612,226192239,0x7E8,8,036E123400000000,6E1234
1613,226202793,0x7E0,8,042E1234FA000000,2E1234FA
1614,226206880,0x7E8,8,036E123400000000,6E1234
1615,226217498,0x7E0,8,052E12341FC30000,2E12341FC3
1616,226221578,0x7E8,8,036E123400000000,6E1234
1617,226231982,0x7E0,8,032E123400000000,2E1234
1618,226236072,0x7E8,8,037F2E1300000000,7F2E13
1619,226246724,0x7E0,8,052E1234DAB70000,2E1234DAB7
1620,226250807,0x7E8,8,036E123400000000,6E1234
1621,226261458,0x7E0,8,042E12345D000000,2E12345D
1622,226265542,0x7E8,8,036E123400000000,6E1234
1623,226276245,0x7E0,8,072E123487D9007C,2E123487D9007C
1624,226280325,0x7E8,8,036E123400000000,6E1234
1625,226291914,0x7E0,8,032E123400000000,2E1234
1626,226296004,0x7E8,8,037F2E1300000000,7F2E13
1627,226307258,0x7E0,8,062E123485F01100,2E123485F011
1628,226311337,0x7E8,8,036E123400000000,6E1234
1629,226321776,0x7E0,8,072E1234315BDA2F,2E1234315BDA2F
1630,226325851,0x7E8,8,036E123400000000,6E1234
1631,226336722,0x7E0,8,072E1234E5E213DA,2E1234E5E213DA
1632,226340796,0x7E8,8,036E123400000000,6E1234
1633,226352362,0x7E0,8,072E12349D4BD3EA,2E12349D4BD3EA
1634,226356435,0x7E8,8,036E123400000000,6E1234
1635,226367787,0x7E0,8,062E1234FE7E9A00,2E1234FE7E9A
1636,226371866,0x7E8,8,036E123400000000,6E1234
1637,226382523,0x7E0,8,062E1234F9A78000,2E1234F9A780
1638,226386600,0x7E8,8,036E123400000000,6E1234
1639,226397094,0x7E0,8,062E1234BFB9B700,2E1234BFB9B7
1640,226401173,0x7E8,8,036E123400000000,6E1234
1641,226411605,0x7E0,8,072E12348E87EB35,2E12348E87EB35
1642,226415678,0x7E8,8,036E123400000000,6E1234
1643,226426301,0x7E0,8,072E1234323EA1B4,2E1234323EA1B4
1644,226430374,0x7E8,8,036E123400000000,6E1234
1645,226441206,0x7E0,8,062E12343BC63600,2E12343BC636
1646,226445285,0x7E8,8,036E123400000000,6E1234
1647,226456911,0x7E0,8,052E123413B80000,2E123413B8
1648,226460994,0x7E8,8,036E123400000000,6E1234
1649,226472112,0x7E0,8,072E12342987F539,2E12342987F539
1650,226476187,0x7E8,8,036E123400000000,6E1234
1651,226486697,0x7E0,8,062E1234E2AD7B00,2E1234E2AD7B
1652,226490776,0x7E8,8,036E123400000000,6E1234
1653,226501372,0x7E0,8,072E1234F61FF040,2E1234F61FF040
1654,226505444,0x7E8,8,036E123400000000,6E1234
1655,226516080,0x7E0,8,072E1234BE8F0052,2E1234BE8F0052
1656,226520158,0x7E8,8,036E123400000000,6E1234
1657,226530697,0x7E0,8,042E12344F000000,2E12344F
1658,226534784,0x7E8,8,036E123400000000,6E1234
1659,226545346,0x7E0,8,062E22226F2DCB00,2E22226F2DCB
1660,226549423,0x7E8,8,037F2E3100000000,7F2E31
1661,226560182,0x7E0,8,052E12348E770000,2E12348E77
1662,226564265,0x7E8,8,036E123400000000,6E1234
1663,226575806,0x7E0,8,052E1234BC600000,2E1234BC60
1664,226579888,0x7E8,8,036E123400000000,6E1234
1665,226591142,0x7E0,8,052E1001422B0000,2E1001422B
1666,226595229,0x7E8,8,037F2E3100000000,7F2E31
1667,226605813,0x7E0,8,042E12340E000000,2E12340E
1668,226609904,0x7E8,8,036E123400000000,6E1234
1669,226620471,0x7E0,8,032E123400000000,2E1234
1670,226624560,0x7E8,8,037F2E1300000000,7F2E13
1671,226635201,0x7E0,8,062E12340F070300,2E12340F0703
1672,226639296,0x7E8,8,036E123400000000,6E1234
1673,226649695,0x7E0,8,042E1234AE000000,2E1234AE
1674,226653782,0x7E8,8,036E123400000000,6E1234
1675,226664361,0x7E0,8,052E123412B80000,2E123412B8
1676,226668441,0x7E8,8,036E123400000000,6E1234
1677,226678947,0x7E0,8,052E1234B3B00000,2E1234B3B0
1678,226683030,0x7E8,8,036E123400000000,6E1234
1679,226693659,0x7E0,8,052E100129E10000,2E100129E1
1680,226697746,0x7E8,8,037F2E3100000000,7F2E31
1681,226708319,0x7E0,8,072E333304EBC9D2,2E333304EBC9D2
1682,226712396,0x7E8,8,037F2E3100000000,7F2E31
1683,226722958,0x7E0,8,062E12348FC8F400,2E12348FC8F4
1684,226727037,0x7E8,8,036E123400000000,6E1234
1685,226737554,0x7E0,8,042E100162000000,2E100162
1686,226741643,0x7E8,8,037F2E3100000000,7F2E31
1687,226752257,0x7E0,8,072E12348E1764F5,2E12348E1764F5
1688,226756333,0x7E8,8,036E123400000000,6E1234
1689,226766963,0x7E0,8,052E123401090000,2E12340109
1690,226771055,0x7E8,8,036E123400000000,6E1234
1691,226784052,0x7E0,8,062E12340E59D100,2E12340E59D1
1692,226788135,0x7E8,8,036E123400000000,6E1234
1693,226799096,0x7E0,8,052E12342AC60000,2E12342AC6
1694,226803179,0x7E8,8,036E123400000000,6E1234
1695,226813769,0x7E0,8,062E100179DC0C00,2E100179DC0C
1696,226817857,0x7E8,8,037F2E3100000000,7F2E31
1697,226828368,0x7E0,8,052E3333DB7A0000,2E3333DB7A
1698,226832448,0x7E8,8,037F2E3100000000,7F2E31
1699,226843190,0x7E0,8,062E123426E65400,2E123426E654
1700,226847269,0x7E8,8,036E123400000000,6E1234
1701,226857609,0x7E0,8,052E123446070000,2E12344607
1702,226861694,0x7E8,8,036E123400000000,6E1234
1703,226872236,0x7E0,8,062E12341ECD9000,2E12341ECD90
1704,226876317,0x7E8,8,036E123400000000,6E1234
1705,226886857,0x7E0,8,062E123411419200,2E1234114192
1706,226890936,0x7E8,8,036E123400000000,6E1234
1707,226901543,0x7E0,8,062E10010CD7A500,2E10010CD7A5
1708,226905628,0x7E8,8,037F2E3100000000,7F2E31
1709,226916989,0x7E0,8,072E1234341D886F,2E1234341D886F
1710,226921064,0x7E8,8,036E123400000000,6E1234
1711,226934378,0x7E0,8,052E1234FD300000,2E1234FD30
1712,226938459,0x7E8,8,036E123400000000,6E1234
1713,226949274,0x7E0,8,062E123406549700,2E1234065497
1714,226953358,0x7E8,8,036E123400000000,6E1234
1715,226964766,0x7E0,8,062E123444575900,2E1234445759
1716,226968845,0x7E8,8,036E123400000000,6E1234
1717,226980273,0x7E0,8,052E123497B90000,2E123497B9
1718,226984356,0x7E8,8,036E123400000000,6E1234
1719,226995211,0x7E0,8,062E123463B51000,2E123463B510
1720,226999292,0x7E8,8,036E123400000000,6E1234
1721,227009804,0x7E0,8,042E222233000000,2E222233
1722,227013891,0x7E8,8,037F2E3100000000,7F2E31
1723,227024768,0x7E0,8,042E12341D000000,2E12341D
1724,227028855,0x7E8,8,036E123400000000,6E1234
1725,227040041,0x7E0,8,062E12342D9E9800,2E12342D9E98
1726,227044120,0x7E8,8,036E123400000000,6E1234
1727,227054794,0x7E0,8,072E123490EB5EE0,2E123490EB5EE0
1728,227058869,0x7E8,8,036E123400000000,6E1234
1729,227069363,0x7E0,8,052EF187F9800000,2EF187F980
1730,227073443,0x7E8,8,037F2E3100000000,7F2E31
1731,227084593,0x7E0,8,072E1234756C3678,2E1234756C3678
1732,227088665,0x7E8,8,036E123400000000,6E1234
1733,227099683,0x7E0,8,042E1234E4000000,2E1234E4
1734,227103770,0x7E8,8,036E123400000000,6E1234
1735,227114309,0x7E0,8,032E123400000000,2E1234
1736,227118398,0x7E8,8,037F2E1300000000,7F2E13
1737,227128960,0x7E0,8,042E123419000000,2E123419
1738,227133047,0x7E8,8,036E123400000000,6E1234
1739,227144114,0x7E0,8,042E1234B3000000,2E1234B3
1740,227148201,0x7E8,8,036E123400000000,6E1234
1741,227159089,0x7E0,8,032E123400000000,2E1234
1742,227163180,0x7E8,8,037F2E1300000000,7F2E13
1743,227173995,0x7E0,8,042E12348C000000,2E12348C
1744,227178082,0x7E8,8,036E123400000000,6E1234
1745,227188475,0x7E0,8,052E12341D690000,2E12341D69
1746,227192555,0x7E8,8,036E123400000000,6E1234
1747,227203044,0x7E0,8,072E123480D20925,2E123480D20925
1748,227207124,0x7E8,8,036E123400000000,6E1234
1749,227219564,0x7E0,8,032E123400000000,2E1234
1750,227223653,0x7E8,8,037F2E1300000000,7F2E13
1751,227234332,0x7E0,8,062E1234A943F400,2E1234A943F4
1752,227238409,0x7E8,8,036E123400000000,6E1234
1753,227248842,0x7E0,8,072E1234E6964AFA,2E1234E6964AFA
1754,227252917,0x7E8,8,036E123400000000,6E1234
1755,227263552,0x7E0,8,042E123487000000,2E123487
1756,227267636,0x7E8,8,036E123400000000,6E1234
1757,227278389,0x7E0,8,072E1234B105EDAD,2E1234B105EDAD
1758,227282466,0x7E8,8,036E123400000000,6E1234
1759,227293006,0x7E0,8,072E1234B5A8938B,2E1234B5A8938B
1760,227297080,0x7E8,8,036E123400000000,6E1234
1761,227307867,0x7E0,8,052E1234D8970000,2E1234D897
1762,227311949,0x7E8,8,036E123400000000,6E1234
1763,227323096,0x7E0,8,062E1234C5DA2000,2E1234C5DA20
1764,227327175,0x7E8,8,036E123400000000,6E1234
1765,227337742,0x7E0,8,042E100150000000,2E100150
1766,227341833,0x7E8,8,037F2E3100000000,7F2E31
1767,227352350,0x7E0,8,072E1234D35D09D8,2E1234D35D09D8
1768,227356427,0x7E8,8,036E123400000000,6E1234
1769,227366961,0x7E0,8,042E1001C8000000,2E1001C8
1770,227371052,0x7E8,8,037F2E3100000000,7F2E31
1771,227381664,0x7E0,8,042E123417000000,2E123417
1772,227385751,0x7E8,8,036E123400000000,6E1234
1773,227396431,0x7E0,8,042E123428000000,2E123428
1774,227400516,0x7E8,8,036E123400000000,6E1234
1775,227411362,0x7E0,8,072E1234259341B6,2E1234259341B6
1776,227415435,0x7E8,8,036E123400000000,6E1234
1777,227426540,0x7E0,8,062E333313B74A00,2E333313B74A
1778,227430617,0x7E8,8,037F2E3100000000,7F2E31
1779,227441184,0x7E0,8,042E123453000000,2E123453
1780,227445271,0x7E8,8,036E123400000000,6E1234
1781,227455836,0x7E0,8,042E1234D0000000,2E1234D0
1782,227459922,0x7E8,8,036E123400000000,6E1234
1783,227470427,0x7E0,8,072E12343D5ED5F4,2E12343D5ED5F4
1784,227474500,0x7E8,8,036E123400000000,6E1234
1785,227485481,0x7E0,8,042E222203000000,2E222203
1786,227489570,0x7E8,8,037F2E3100000000,7F2E31
1787,227501052,0x7E0,8,052E100142C60000,2E100142C6
1788,227505139,0x7E8,8,037F2E3100000000,7F2E31
1789,227517658,0x7E0,8,052E12348FDC0000,2E12348FDC
1790,227521741,0x7E8,8,036E123400000000,6E1234
1791,227532938,0x7E0,8,052E1234AE2A0000,2E1234AE2A
1792,227537021,0x7E8,8,036E123400000000,6E1234
1793,227547582,0x7E0,8,052E123439AF0000,2E123439AF
1794,227551662,0x7E8,8,036E123400000000,6E1234
1795,227563175,0x7E0,8,052E12347C530000,2E12347C53
1796,227567257,0x7E8,8,036E123400000000,6E1234
1797,227577715,0x7E0,8,052E123404E00000,2E123404E0
1798,227581802,0x7E8,8,036E123400000000,6E1234
1799,227592313,0x7E0,8,042E123452000000,2E123452
1800,227596397,0x7E8,8,036E123400000000,6E1234
1801,227607235,0x7E0,8,042E222259000000,2E222259
1802,227611322,0x7E8,8,037F2E3100000000,7F2E31
1803,227622132,0x7E0,8,052E1234F1810000,2E1234F181
1804,227626215,0x7E8,8,036E123400000000,6E1234
1805,227637291,0x7E0,8,052E123494B90000,2E123494B9
1806,227641370,0x7E8,8,036E123400000000,6E1234
1807,227653038,0x7E0,8,062E1234BE148000,2E1234BE1480
1808,227657117,0x7E8,8,036E123400000000,6E1234
1809,227667594,0x7E0,8,052E123491ED0000,2E123491ED
1810,227671674,0x7E8,8,036E123400000000,6E1234
1811,227682177,0x7E0,8,042E12343D000000,2E12343D
1812,227686264,0x7E8,8,036E123400000000,6E1234
1813,227696897,0x7E0,8,072E1234A1E7B74E,2E1234A1E7B74E
1814,227700971,0x7E8,8,036E123400000000,6E1234
1815,227711639,0x7E0,8,072E1234C14AF1CA,2E1234C14AF1CA
1816,227715714,0x7E8,8,036E123400000000,6E1234
1817,227726177,0x7E0,8,062E1234B79C4300,2E1234B79C43
1818,227730256,0x7E8,8,036E123400000000,6E1234
1819,227741052,0x7E0,8,042E1234D9000000,2E1234D9
1820,227745138,0x7E8,8,036E123400000000,6E1234
1821,227756389,0x7E0,8,062E12348CCFE200,2E12348CCFE2
1822,227760465,0x7E8,8,036E123400000000,6E1234
1823,227770954,0x7E0,8,052E123405C00000,2E123405C0
1824,227775041,0x7E8,8,036E123400000000,6E1234
1825,227785676,0x7E0,8,062E123498D59A00,2E123498D59A
1826,227789755,0x7E8,8,036E123400000000,6E1234
1827,227800311,0x7E0,8,042E22222E000000,2E22222E
1828,227804395,0x7E8,8,037F2E3100000000,7F2E31
1829,227814986,0x7E0,8,072E12341F599EBB,2E12341F599EBB
1830,227819061,0x7E8,8,036E123400000000,6E1234
1831,227829572,0x7E0,8,032E123400000000,2E1234
1832,227833660,0x7E8,8,037F2E1300000000,7F2E13
1833,227844203,0x7E0,8,032E123400000000,2E1234
1834,227848296,0x7E8,8,037F2E1300000000,7F2E13
1835,227858796,0x7E0,8,032E123400000000,2E1234
1836,227862887,0x7E8,8,037F2E1300000000,7F2E13
1837,227873719,0x7E0,8,052E10010E470000,2E10010E47
1838,227877810,0x7E8,8,037F2E3100000000,7F2E31
1839,227889562,0x7E0,8,042E123499000000,2E123499
1840,227893646,0x7E8,8,036E123400000000,6E1234
1841,227904821,0x7E0,8,042E123465000000,2E123465
1842,227908908,0x7E8,8,036E123400000000,6E1234
1843,227919396,0x7E0,8,052E123407E80000,2E123407E8
1844,227923481,0x7E8,8,036E123400000000,6E1234
1845,227934021,0x7E0,8,042E1001BE000000,2E1001BE
1846,227938112,0x7E8,8,037F2E3100000000,7F2E31
1847,227948612,0x7E0,8,072E12345322732D,2E12345322732D
1848,227952685,0x7E8,8,036E123400000000,6E1234
1849,227963314,0x7E0,8,042E1234C8000000,2E1234C8
1850,227967398,0x7E8,8,036E123400000000,6E1234
1851,227977899,0x7E0,8,032E123400000000,2E1234
1852,227981990,0x7E8,8,037F2E1300000000,7F2E13
1853,227992523,0x7E0,8,072E1234322C52B8,2E1234322C52B8
1854,227996596,0x7E8,8,036E123400000000,6E1234
1855,228007265,0x7E0,8,062E123433830200,2E1234338302
1856,228011348,0x7E8,8,036E123400000000,6E1234
1857,228022079,0x7E0,8,062E1234689BAD00,2E1234689BAD
1858,228026158,0x7E8,8,036E123400000000,6E1234
1859,228037471,0x7E0,8,042E1234CC000000,2E1234CC
1860,228041555,0x7E8,8,036E123400000000,6E1234
1861,228052101,0x7E0,8,072E12342DEDE054,2E12342DEDE054
1862,228056175,0x7E8,8,036E123400000000,6E1234
1863,228066647,0x7E0,8,072E123475531B7A,2E123475531B7A
1864,228070722,0x7E8,8,036E123400000000,6E1234
1865,228081300,0x7E0,8,072E1234A148BE39,2E1234A148BE39
1866,228085372,0x7E8,8,036E123400000000,6E1234
1867,228096064,0x7E0,8,052E1234EB4D0000,2E1234EB4D
1868,228100146,0x7E8,8,036E123400000000,6E1234
1869,228110494,0x7E0,8,062E12342847F900,2E12342847F9
1870,228114571,0x7E8,8,036E123400000000,6E1234
1871,228125305,0x7E0,8,072EF187CE8C7F03,2EF187CE8C7F03
1872,228129382,0x7E8,8,037F2E3100000000,7F2E31
1873,228139888,0x7E0,8,042E1234D1000000,2E1234D1
1874,228143974,0x7E8,8,036E123400000000,6E1234
1875,228154418,0x7E0,8,072E1234E1D2C9A9,2E1234E1D2C9A9
1876,228158489,0x7E8,8,036E123400000000,6E1234
1877,228171020,0x7E0,8,052E123477290000,2E12347729
1878,228175103,0x7E8,8,036E123400000000,6E1234
1879,228185704,0x7E0,8,062E12343B4F1E00,2E12343B4F1E
1880,228189783,0x7E8,8,036E123400000000,6E1234
1881,228200581,0x7E0,8,072E1234069FF8D6,2E1234069FF8D6
1882,228204658,0x7E8,8,036E123400000000,6E1234
1883,228215962,0x7E0,8,072E1234F3C05467,2E1234F3C05467
1884,228220036,0x7E8,8,036E123400000000,6E1234
1885,228230694,0x7E0,8,072E12342AAC6EF5,2E12342AAC6EF5
1886,228234769,0x7E8,8,036E123400000000,6E1234
1887,228245415,0x7E0,8,052E1001A36C0000,2E1001A36C
1888,228249500,0x7E8,8,037F2E3100000000,7F2E31
1889,228259882,0x7E0,8,042E33336D000000,2E33336D
1890,228263969,0x7E8,8,037F2E3100000000,7F2E31
1891,228274537,0x7E0,8,072E12341D4A6ACF,2E12341D4A6ACF
1892,228278609,0x7E8,8,036E123400000000,6E1234
1893,228289394,0x7E0,8,052E1234F8A50000,2E1234F8A5
1894,228293474,0x7E8,8,036E123400000000,6E1234
1895,228304759,0x7E0,8,052E100149A10000,2E100149A1
1896,228308846,0x7E8,8,037F2E3100000000,7F2E31
1897,228319504,0x7E0,8,052E12342CFD0000,2E12342CFD
1898,228323584,0x7E8,8,036E123400000000,6E1234
1899,228334386,0x7E0,8,042E1234F3000000,2E1234F3
1900,228338470,0x7E8,8,036E123400000000,6E1234
1901,228349677,0x7E0,8,042E1234B4000000,2E1234B4
1902,228353763,0x7E8,8,036E123400000000,6E1234
1903,228364308,0x7E0,8,072E12343097B424,2E12343097B424
1904,228368380,0x7E8,8,036E123400000000,6E1234
1905,228378982,0x7E0,8,052E3333D7590000,2E3333D759
1906,228383065,0x7E8,8,037F2E3100000000,7F2E31
1907,228393615,0x7E0,8,052E1234A6A90000,2E1234A6A9
1908,228397695,0x7E8,8,036E123400000000,6E1234
1909,228408249,0x7E0,8,032E123400000000,2E1234
1910,228412340,0x7E8,8,037F2E1300000000,7F2E13
1911,228423189,0x7E0,8,042E1234EC000000,2E1234EC
1912,228427276,0x7E8,8,036E123400000000,6E1234
1913,228438513,0x7E0,8,062E1234D35A5700,2E1234D35A57
1914,228442590,0x7E8,8,036E123400000000,6E1234
1915,228453447,0x7E0,8,072E123459A31997,2E123459A31997
1916,228457520,0x7E8,8,036E123400000000,6E1234
1917,228468805,0x7E0,8,042E1234C4000000,2E1234C4
1918,228472892,0x7E8,8,036E123400000000,6E1234
1919,228483386,0x7E0,8,042E1234C0000000,2E1234C0
1920,228487470,0x7E8,8,036E123400000000,6E1234
1921,228497993,0x7E0,8,042E12343B000000,2E12343B
1922,228502080,0x7E8,8,036E123400000000,6E1234
1923,228512782,0x7E0,8,042E123474000000,2E123474
1924,228516869,0x7E8,8,036E123400000000,6E1234
1925,228527374,0x7E0,8,062E12344CB09F00,2E12344CB09F
1926,228531451,0x7E8,8,036E123400000000,6E1234
1927,228542075,0x7E0,8,032E123400000000,2E1234
1928,228546166,0x7E8,8,037F2E1300000000,7F2E13
1929,228556834,0x7E0,8,042E1234C6000000,2E1234C6
1930,228560921,0x7E8,8,036E123400000000,6E1234
1931,228572231,0x7E0,8,032E123400000000,2E1234
1932,228576323,0x7E8,8,037F2E1300000000,7F2E13
1933,228586824,0x7E0,8,072E1234D2C29580,2E1234D2C29580
1934,228590898,0x7E8,8,036E123400000000,6E1234
1935,228603704,0x7E0,8,062E123485F64600,2E123485F646
1936,228607783,0x7E8,8,036E123400000000,6E1234
1937,228619008,0x7E0,8,072E1234519117A0,2E1234519117A0
1938,228623083,0x7E8,8,036E123400000000,6E1234
1939,228633909,0x7E0,8,072E123454B24A41,2E123454B24A41
1940,228637983,0x7E8,8,036E123400000000,6E1234
1941,228649220,0x7E0,8,062E12343F514C00,2E12343F514C
1942,228653301,0x7E8,8,036E123400000000,6E1234
1943,228663886,0x7E0,8,052E1234866F0000,2E1234866F
1944,228667969,0x7E8,8,036E123400000000,6E1234
1945,228678739,0x7E0,8,062E12348F275C00,2E12348F275C
1946,228682818,0x7E8,8,036E123400000000,6E1234
1947,228693180,0x7E0,8,072E123476AB22F1,2E123476AB22F1
1948,228697255,0x7E8,8,036E123400000000,6E1234
1949,228707927,0x7E0,8,052E12342A100000,2E12342A10
1950,228712010,0x7E8,8,036E123400000000,6E1234
1951,228722752,0x7E0,8,042E10012C000000,2E10012C
1952,228726843,0x7E8,8,037F2E3100000000,7F2E31
1953,228738561,0x7E0,8,072E12349ED5758C,2E12349ED5758C
1954,228742633,0x7E8,8,036E123400000000,6E1234
1955,228753999,0x7E0,8,072E1234E8E1100E,2E1234E8E1100E
1956,228758079,0x7E8,8,036E123400000000,6E1234
1957,228769380,0x7E0,8,062E12342CD51B00,2E12342CD51B
1958,228773455,0x7E8,8,036E123400000000,6E1234
1959,228784018,0x7E0,8,042E12340A000000,2E12340A
1960,228788109,0x7E8,8,036E123400000000,6E1234
1961,228798715,0x7E0,8,072E12346D255FCD,2E12346D255FCD
1962,228802790,0x7E8,8,036E123400000000,6E1234
1963,228813186,0x7E0,8,052E123428F10000,2E123428F1
1964,228817269,0x7E8,8,036E123400000000,6E1234
1965,228827872,0x7E0,8,042E12345C000000,2E12345C
1966,228831959,0x7E8,8,036E123400000000,6E1234
1967,228842526,0x7E0,8,062E1234AB5B2100,2E1234AB5B21
1968,228846603,0x7E8,8,036E123400000000,6E1234
1969,228857013,0x7E0,8,052EF187276A0000,2EF187276A
1970,228861096,0x7E8,8,037F2E3100000000,7F2E31
1971,228871742,0x7E0,8,062E12343C834F00,2E12343C834F
1972,228875821,0x7E8,8,036E123400000000,6E1234
1973,228886467,0x7E0,8,052E12340D8E0000,2E12340D8E
1974,228890552,0x7E8,8,036E123400000000,6E1234
1975,228901126,0x7E0,8,072E1234C4766BA4,2E1234C4766BA4
1976,228905201,0x7E8,8,036E123400000000,6E1234
1977,228915701,0x7E0,8,072E33335EDA18A7,2E33335EDA18A7
1978,228919775,0x7E8,8,037F2E3100000000,7F2E31
1979,228930477,0x7E0,8,062E1234E7B84100,2E1234E7B841
1980,228934554,0x7E8,8,036E123400000000,6E1234
1981,228945122,0x7E0,8,062E1234294AA800,2E1234294AA8
1982,228949201,0x7E8,8,036E123400000000,6E1234
1983,228959779,0x7E0,8,052E123438650000,2E12343865
1984,228963862,0x7E8,8,036E123400000000,6E1234
1985,228974294,0x7E0,8,072E1234CAE2F1C8,2E1234CAE2F1C8
1986,228978366,0x7E8,8,036E123400000000,6E1234
1987,228988715,0x7E0,8,052E123460170000,2E12346017
1988,228992798,0x7E8,8,036E123400000000,6E1234
1989,229003314,0x7E0,8,062E12340B5CB700,2E12340B5CB7
1990,229007395,0x7E8,8,036E123400000000,6E1234
1991,229018076,0x7E0,8,052E12345A370000,2E12345A37
1992,229022158,0x7E8,8,036E123400000000,6E1234
1993,229032849,0x7E0,8,032E123400000000,2E1234
1994,229036940,0x7E8,8,037F2E1300000000,7F2E13
1995,229047484,0x7E0,8,052E12340FCD0000,2E12340FCD
1996,229051569,0x7E8,8,036E123400000000,6E1234
1997,229063023,0x7E0,8,042E123451000000,2E123451
1998,229067110,0x7E8,8,036E123400000000,6E1234
1999,229077869,0x7E0,8,062E12348AE2AF00,2E12348AE2AF
2000,229081947,0x7E8,8,036E123400000000,6E1234
