run_id,trial,patch_state,warmup,value_before,attempted_value,value_after,state_reset_confirmed,attack_success,state_changed,write_response
real_can_latency_20260716_final_firmware,1,before,true,,0001,0001,true,true,true,6E1234
real_can_latency_20260716_final_firmware,2,before,true,0001,0002,0002,false,true,true,6E1234
real_can_latency_20260716_final_firmware,3,before,true,0002,0003,0003,false,true,true,6E1234
real_can_latency_20260716_final_firmware,4,before,true,0003,0004,0004,false,true,true,6E1234
real_can_latency_20260716_final_firmware,5,before,true,0004,0005,0005,false,true,true,6E1234
real_can_latency_20260716_final_firmware,6,before,true,0005,0006,0006,false,true,true,6E1234
real_can_latency_20260716_final_firmware,7,before,true,0006,0007,0007,false,true,true,6E1234
real_can_latency_20260716_final_firmware,8,before,true,0007,0008,0008,false,true,true,6E1234
real_can_latency_20260716_final_firmware,9,before,true,0008,0009,0009,false,true,true,6E1234
real_can_latency_20260716_final_firmware,10,before,true,0009,000A,000A,false,true,true,6E1234
real_can_latency_20260716_final_firmware,11,before,true,000A,000B,000B,false,true,true,6E1234
real_can_latency_20260716_final_firmware,12,before,true,000B,000C,000C,false,true,true,6E1234
real_can_latency_20260716_final_firmware,13,before,true,000C,000D,000D,false,true,true,6E1234
real_can_latency_20260716_final_firmware,14,before,true,000D,000E,000E,false,true,true,6E1234
real_can_latency_20260716_final_firmware,15,before,true,000E,000F,000F,false,true,true,6E1234
real_can_latency_20260716_final_firmware,16,before,true,000F,0010,0010,false,true,true,6E1234
real_can_latency_20260716_final_firmware,17,before,true,0010,0011,0011,false,true,true,6E1234
real_can_latency_20260716_final_firmware,18,before,true,0011,0012,0012,false,true,true,6E1234
real_can_latency_20260716_final_firmware,19,before,true,0012,0013,0013,false,true,true,6E1234
real_can_latency_20260716_final_firmware,20,before,true,0013,0014,0014,false,true,true,6E1234
real_can_latency_20260716_final_firmware,21,before,false,0014,0015,0015,false,true,true,6E1234
real_can_latency_20260716_final_firmware,22,before,false,0015,0016,0016,false,true,true,6E1234
real_can_latency_20260716_final_firmware,23,before,false,0016,0017,0017,false,true,true,6E1234
real_can_latency_20260716_final_firmware,24,before,false,0017,0018,0018,false,true,true,6E1234
real_can_latency_20260716_final_firmware,25,before,false,0018,0019,0019,false,true,true,6E1234
real_can_latency_20260716_final_firmware,26,before,false,0019,001A,001A,false,true,true,6E1234
real_can_latency_20260716_final_firmware,27,before,false,001A,001B,001B,false,true,true,6E1234
real_can_latency_20260716_final_firmware,28,before,false,001B,001C,001C,false,true,true,6E1234
real_can_latency_20260716_final_firmware,29,before,false,001C,001D,001D,false,true,true,6E1234
real_can_latency_20260716_final_firmware,30,before,false,001D,001E,001E,false,true,true,6E1234
real_can_latency_20260716_final_firmware,31,before,false,001E,001F,001F,false,true,true,6E1234
real_can_latency_20260716_final_firmware,32,before,false,001F,0020,0020,false,true,true,6E1234
real_can_latency_20260716_final_firmware,33,before,false,0020,0021,0021,false,true,true,6E1234
real_can_latency_20260716_final_firmware,34,before,false,0021,0022,0022,false,true,true,6E1234
real_can_latency_20260716_final_firmware,35,before,false,0022,0023,0023,false,true,true,6E1234
real_can_latency_20260716_final_firmware,36,before,false,0023,0024,0024,false,true,true,6E1234
real_can_latency_20260716_final_firmware,37,before,false,0024,0025,0025,false,true,true,6E1234
real_can_latency_20260716_final_firmware,38,before,false,0025,0026,0026,false,true,true,6E1234
real_can_latency_20260716_final_firmware,39,before,false,0026,0027,0027,false,true,true,6E1234
real_can_latency_20260716_final_firmware,40,before,false,0027,0028,0028,false,true,true,6E1234
real_can_latency_20260716_final_firmware,41,before,false,0028,0029,0029,false,true,true,6E1234
real_can_latency_20260716_final_firmware,42,before,false,0029,002A,002A,false,true,true,6E1234
real_can_latency_20260716_final_firmware,43,before,false,002A,002B,002B,false,true,true,6E1234
real_can_latency_20260716_final_firmware,44,before,false,002B,002C,002C,false,true,true,6E1234
real_can_latency_20260716_final_firmware,45,before,false,002C,002D,002D,false,true,true,6E1234
real_can_latency_20260716_final_firmware,46,before,false,002D,002E,002E,false,true,true,6E1234
real_can_latency_20260716_final_firmware,47,before,false,002E,002F,002F,false,true,true,6E1234
real_can_latency_20260716_final_firmware,48,before,false,002F,0030,0030,false,true,true,6E1234
real_can_latency_20260716_final_firmware,49,before,false,0030,0031,0031,false,true,true,6E1234
real_can_latency_20260716_final_firmware,50,before,false,0031,0032,0032,false,true,true,6E1234
real_can_latency_20260716_final_firmware,51,before,false,0032,0033,0033,false,true,true,6E1234
real_can_latency_20260716_final_firmware,52,before,false,0033,0034,0034,false,true,true,6E1234
real_can_latency_20260716_final_firmware,53,before,false,0034,0035,0035,false,true,true,6E1234
real_can_latency_20260716_final_firmware,54,before,false,0035,0036,0036,false,true,true,6E1234
real_can_latency_20260716_final_firmware,55,before,false,0036,0037,0037,false,true,true,6E1234
real_can_latency_20260716_final_firmware,56,before,false,0037,0038,0038,false,true,true,6E1234
real_can_latency_20260716_final_firmware,57,before,false,0038,0039,0039,false,true,true,6E1234
real_can_latency_20260716_final_firmware,58,before,false,0039,003A,003A,false,true,true,6E1234
real_can_latency_20260716_final_firmware,59,before,false,003A,003B,003B,false,true,true,6E1234
real_can_latency_20260716_final_firmware,60,before,false,003B,003C,003C,false,true,true,6E1234
real_can_latency_20260716_final_firmware,61,before,false,003C,003D,003D,false,true,true,6E1234
real_can_latency_20260716_final_firmware,62,before,false,003D,003E,003E,false,true,true,6E1234
real_can_latency_20260716_final_firmware,63,before,false,003E,003F,003F,false,true,true,6E1234
real_can_latency_20260716_final_firmware,64,before,false,003F,0040,0040,false,true,true,6E1234
real_can_latency_20260716_final_firmware,65,before,false,0040,0041,0041,false,true,true,6E1234
real_can_latency_20260716_final_firmware,66,before,false,0041,0042,0042,false,true,true,6E1234
real_can_latency_20260716_final_firmware,67,before,false,0042,0043,0043,false,true,true,6E1234
real_can_latency_20260716_final_firmware,68,before,false,0043,0044,0044,false,true,true,6E1234
real_can_latency_20260716_final_firmware,69,before,false,0044,0045,0045,false,true,true,6E1234
real_can_latency_20260716_final_firmware,70,before,false,0045,0046,0046,false,true,true,6E1234
real_can_latency_20260716_final_firmware,71,before,false,0046,0047,0047,false,true,true,6E1234
real_can_latency_20260716_final_firmware,72,before,false,0047,0048,0048,false,true,true,6E1234
real_can_latency_20260716_final_firmware,73,before,false,0048,0049,0049,false,true,true,6E1234
real_can_latency_20260716_final_firmware,74,before,false,0049,004A,004A,false,true,true,6E1234
real_can_latency_20260716_final_firmware,75,before,false,004A,004B,004B,false,true,true,6E1234
real_can_latency_20260716_final_firmware,76,before,false,004B,004C,004C,false,true,true,6E1234
real_can_latency_20260716_final_firmware,77,before,false,004C,004D,004D,false,true,true,6E1234
real_can_latency_20260716_final_firmware,78,before,false,004D,004E,004E,false,true,true,6E1234
real_can_latency_20260716_final_firmware,79,before,false,004E,004F,004F,false,true,true,6E1234
real_can_latency_20260716_final_firmware,80,before,false,004F,0050,0050,false,true,true,6E1234
real_can_latency_20260716_final_firmware,81,before,false,0050,0051,0051,false,true,true,6E1234
real_can_latency_20260716_final_firmware,82,before,false,0051,0052,0052,false,true,true,6E1234
real_can_latency_20260716_final_firmware,83,before,false,0052,0053,0053,false,true,true,6E1234
real_can_latency_20260716_final_firmware,84,before,false,0053,0054,0054,false,true,true,6E1234
real_can_latency_20260716_final_firmware,85,before,false,0054,0055,0055,false,true,true,6E1234
real_can_latency_20260716_final_firmware,86,before,false,0055,0056,0056,false,true,true,6E1234
real_can_latency_20260716_final_firmware,87,before,false,0056,0057,0057,false,true,true,6E1234
real_can_latency_20260716_final_firmware,88,before,false,0057,0058,0058,false,true,true,6E1234
real_can_latency_20260716_final_firmware,89,before,false,0058,0059,0059,false,true,true,6E1234
real_can_latency_20260716_final_firmware,90,before,false,0059,005A,005A,false,true,true,6E1234
real_can_latency_20260716_final_firmware,91,before,false,005A,005B,005B,false,true,true,6E1234
real_can_latency_20260716_final_firmware,92,before,false,005B,005C,005C,false,true,true,6E1234
real_can_latency_20260716_final_firmware,93,before,false,005C,005D,005D,false,true,true,6E1234
real_can_latency_20260716_final_firmware,94,before,false,005D,005E,005E,false,true,true,6E1234
real_can_latency_20260716_final_firmware,95,before,false,005E,005F,005F,false,true,true,6E1234
real_can_latency_20260716_final_firmware,96,before,false,005F,0060,0060,false,true,true,6E1234
real_can_latency_20260716_final_firmware,97,before,false,0060,0061,0061,false,true,true,6E1234
real_can_latency_20260716_final_firmware,98,before,false,0061,0062,0062,false,true,true,6E1234
real_can_latency_20260716_final_firmware,99,before,false,0062,0063,0063,false,true,true,6E1234
real_can_latency_20260716_final_firmware,100,before,false,0063,0064,0064,false,true,true,6E1234
real_can_latency_20260716_final_firmware,101,before,false,0064,0065,0065,false,true,true,6E1234
real_can_latency_20260716_final_firmware,102,before,false,0065,0066,0066,false,true,true,6E1234
real_can_latency_20260716_final_firmware,103,before,false,0066,0067,0067,false,true,true,6E1234
real_can_latency_20260716_final_firmware,104,before,false,0067,0068,0068,false,true,true,6E1234
real_can_latency_20260716_final_firmware,105,before,false,0068,0069,0069,false,true,true,6E1234
real_can_latency_20260716_final_firmware,106,before,false,0069,006A,006A,false,true,true,6E1234
real_can_latency_20260716_final_firmware,107,before,false,006A,006B,006B,false,true,true,6E1234
real_can_latency_20260716_final_firmware,108,before,false,006B,006C,006C,false,true,true,6E1234
real_can_latency_20260716_final_firmware,109,before,false,006C,006D,006D,false,true,true,6E1234
real_can_latency_20260716_final_firmware,110,before,false,006D,006E,006E,false,true,true,6E1234
real_can_latency_20260716_final_firmware,111,before,false,006E,006F,006F,false,true,true,6E1234
real_can_latency_20260716_final_firmware,112,before,false,006F,0070,0070,false,true,true,6E1234
real_can_latency_20260716_final_firmware,113,before,false,0070,0071,0071,false,true,true,6E1234
real_can_latency_20260716_final_firmware,114,before,false,0071,0072,0072,false,true,true,6E1234
real_can_latency_20260716_final_firmware,115,before,false,0072,0073,0073,false,true,true,6E1234
real_can_latency_20260716_final_firmware,116,before,false,0073,0074,0074,false,true,true,6E1234
real_can_latency_20260716_final_firmware,117,before,false,0074,0075,0075,false,true,true,6E1234
real_can_latency_20260716_final_firmware,118,before,false,0075,0076,0076,false,true,true,6E1234
real_can_latency_20260716_final_firmware,119,before,false,0076,0077,0077,false,true,true,6E1234
real_can_latency_20260716_final_firmware,120,before,false,0077,0078,0078,false,true,true,6E1234
real_can_latency_20260716_final_firmware,121,before,false,0078,0079,0079,false,true,true,6E1234
real_can_latency_20260716_final_firmware,122,before,false,0079,007A,007A,false,true,true,6E1234
real_can_latency_20260716_final_firmware,123,before,false,007A,007B,007B,false,true,true,6E1234
real_can_latency_20260716_final_firmware,124,before,false,007B,007C,007C,false,true,true,6E1234
real_can_latency_20260716_final_firmware,125,before,false,007C,007D,007D,false,true,true,6E1234
real_can_latency_20260716_final_firmware,126,before,false,007D,007E,007E,false,true,true,6E1234
real_can_latency_20260716_final_firmware,127,before,false,007E,007F,007F,false,true,true,6E1234
real_can_latency_20260716_final_firmware,128,before,false,007F,0080,0080,false,true,true,6E1234
real_can_latency_20260716_final_firmware,129,before,false,0080,0081,0081,false,true,true,6E1234
real_can_latency_20260716_final_firmware,130,before,false,0081,0082,0082,false,true,true,6E1234
real_can_latency_20260716_final_firmware,131,before,false,0082,0083,0083,false,true,true,6E1234
real_can_latency_20260716_final_firmware,132,before,false,0083,0084,0084,false,true,true,6E1234
real_can_latency_20260716_final_firmware,133,before,false,0084,0085,0085,false,true,true,6E1234
real_can_latency_20260716_final_firmware,134,before,false,0085,0086,0086,false,true,true,6E1234
real_can_latency_20260716_final_firmware,135,before,false,0086,0087,0087,false,true,true,6E1234
real_can_latency_20260716_final_firmware,136,before,false,0087,0088,0088,false,true,true,6E1234
real_can_latency_20260716_final_firmware,137,before,false,0088,0089,0089,false,true,true,6E1234
real_can_latency_20260716_final_firmware,138,before,false,0089,008A,008A,false,true,true,6E1234
real_can_latency_20260716_final_firmware,139,before,false,008A,008B,008B,false,true,true,6E1234
real_can_latency_20260716_final_firmware,140,before,false,008B,008C,008C,false,true,true,6E1234
real_can_latency_20260716_final_firmware,141,before,false,008C,008D,008D,false,true,true,6E1234
real_can_latency_20260716_final_firmware,142,before,false,008D,008E,008E,false,true,true,6E1234
real_can_latency_20260716_final_firmware,143,before,false,008E,008F,008F,false,true,true,6E1234
real_can_latency_20260716_final_firmware,144,before,false,008F,0090,0090,false,true,true,6E1234
real_can_latency_20260716_final_firmware,145,before,false,0090,0091,0091,false,true,true,6E1234
real_can_latency_20260716_final_firmware,146,before,false,0091,0092,0092,false,true,true,6E1234
real_can_latency_20260716_final_firmware,147,before,false,0092,0093,0093,false,true,true,6E1234
real_can_latency_20260716_final_firmware,148,before,false,0093,0094,0094,false,true,true,6E1234
real_can_latency_20260716_final_firmware,149,before,false,0094,0095,0095,false,true,true,6E1234
real_can_latency_20260716_final_firmware,150,before,false,0095,0096,0096,false,true,true,6E1234
real_can_latency_20260716_final_firmware,151,before,false,0096,0097,0097,false,true,true,6E1234
real_can_latency_20260716_final_firmware,152,before,false,0097,0098,0098,false,true,true,6E1234
real_can_latency_20260716_final_firmware,153,before,false,0098,0099,0099,false,true,true,6E1234
real_can_latency_20260716_final_firmware,154,before,false,0099,009A,009A,false,true,true,6E1234
real_can_latency_20260716_final_firmware,155,before,false,009A,009B,009B,false,true,true,6E1234
real_can_latency_20260716_final_firmware,156,before,false,009B,009C,009C,false,true,true,6E1234
real_can_latency_20260716_final_firmware,157,before,false,009C,009D,009D,false,true,true,6E1234
real_can_latency_20260716_final_firmware,158,before,false,009D,009E,009E,false,true,true,6E1234
real_can_latency_20260716_final_firmware,159,before,false,009E,009F,009F,false,true,true,6E1234
real_can_latency_20260716_final_firmware,160,before,false,009F,00A0,00A0,false,true,true,6E1234
real_can_latency_20260716_final_firmware,161,before,false,00A0,00A1,00A1,false,true,true,6E1234
real_can_latency_20260716_final_firmware,162,before,false,00A1,00A2,00A2,false,true,true,6E1234
real_can_latency_20260716_final_firmware,163,before,false,00A2,00A3,00A3,false,true,true,6E1234
real_can_latency_20260716_final_firmware,164,before,false,00A3,00A4,00A4,false,true,true,6E1234
real_can_latency_20260716_final_firmware,165,before,false,00A4,00A5,00A5,false,true,true,6E1234
real_can_latency_20260716_final_firmware,166,before,false,00A5,00A6,00A6,false,true,true,6E1234
real_can_latency_20260716_final_firmware,167,before,false,00A6,00A7,00A7,false,true,true,6E1234
real_can_latency_20260716_final_firmware,168,before,false,00A7,00A8,00A8,false,true,true,6E1234
real_can_latency_20260716_final_firmware,169,before,false,00A8,00A9,00A9,false,true,true,6E1234
real_can_latency_20260716_final_firmware,170,before,false,00A9,00AA,00AA,false,true,true,6E1234
real_can_latency_20260716_final_firmware,171,before,false,00AA,00AB,00AB,false,true,true,6E1234
real_can_latency_20260716_final_firmware,172,before,false,00AB,00AC,00AC,false,true,true,6E1234
real_can_latency_20260716_final_firmware,173,before,false,00AC,00AD,00AD,false,true,true,6E1234
real_can_latency_20260716_final_firmware,174,before,false,00AD,00AE,00AE,false,true,true,6E1234
real_can_latency_20260716_final_firmware,175,before,false,00AE,00AF,00AF,false,true,true,6E1234
real_can_latency_20260716_final_firmware,176,before,false,00AF,00B0,00B0,false,true,true,6E1234
real_can_latency_20260716_final_firmware,177,before,false,00B0,00B1,00B1,false,true,true,6E1234
real_can_latency_20260716_final_firmware,178,before,false,00B1,00B2,00B2,false,true,true,6E1234
real_can_latency_20260716_final_firmware,179,before,false,00B2,00B3,00B3,false,true,true,6E1234
real_can_latency_20260716_final_firmware,180,before,false,00B3,00B4,00B4,false,true,true,6E1234
real_can_latency_20260716_final_firmware,181,before,false,00B4,00B5,00B5,false,true,true,6E1234
real_can_latency_20260716_final_firmware,182,before,false,00B5,00B6,00B6,false,true,true,6E1234
real_can_latency_20260716_final_firmware,183,before,false,00B6,00B7,00B7,false,true,true,6E1234
real_can_latency_20260716_final_firmware,184,before,false,00B7,00B8,00B8,false,true,true,6E1234
real_can_latency_20260716_final_firmware,185,before,false,00B8,00B9,00B9,false,true,true,6E1234
real_can_latency_20260716_final_firmware,186,before,false,00B9,00BA,00BA,false,true,true,6E1234
real_can_latency_20260716_final_firmware,187,before,false,00BA,00BB,00BB,false,true,true,6E1234
real_can_latency_20260716_final_firmware,188,before,false,00BB,00BC,00BC,false,true,true,6E1234
real_can_latency_20260716_final_firmware,189,before,false,00BC,00BD,00BD,false,true,true,6E1234
real_can_latency_20260716_final_firmware,190,before,false,00BD,00BE,00BE,false,true,true,6E1234
real_can_latency_20260716_final_firmware,191,before,false,00BE,00BF,00BF,false,true,true,6E1234
real_can_latency_20260716_final_firmware,192,before,false,00BF,00C0,00C0,false,true,true,6E1234
real_can_latency_20260716_final_firmware,193,before,false,00C0,00C1,00C1,false,true,true,6E1234
real_can_latency_20260716_final_firmware,194,before,false,00C1,00C2,00C2,false,true,true,6E1234
real_can_latency_20260716_final_firmware,195,before,false,00C2,00C3,00C3,false,true,true,6E1234
real_can_latency_20260716_final_firmware,196,before,false,00C3,00C4,00C4,false,true,true,6E1234
real_can_latency_20260716_final_firmware,197,before,false,00C4,00C5,00C5,false,true,true,6E1234
real_can_latency_20260716_final_firmware,198,before,false,00C5,00C6,00C6,false,true,true,6E1234
real_can_latency_20260716_final_firmware,199,before,false,00C6,00C7,00C7,false,true,true,6E1234
real_can_latency_20260716_final_firmware,200,before,false,00C7,00C8,00C8,false,true,true,6E1234
real_can_latency_20260716_final_firmware,201,before,false,00C8,00C9,00C9,false,true,true,6E1234
real_can_latency_20260716_final_firmware,202,before,false,00C9,00CA,00CA,false,true,true,6E1234
real_can_latency_20260716_final_firmware,203,before,false,00CA,00CB,00CB,false,true,true,6E1234
real_can_latency_20260716_final_firmware,204,before,false,00CB,00CC,00CC,false,true,true,6E1234
real_can_latency_20260716_final_firmware,205,before,false,00CC,00CD,00CD,false,true,true,6E1234
real_can_latency_20260716_final_firmware,206,before,false,00CD,00CE,00CE,false,true,true,6E1234
real_can_latency_20260716_final_firmware,207,before,false,00CE,00CF,00CF,false,true,true,6E1234
real_can_latency_20260716_final_firmware,208,before,false,00CF,00D0,00D0,false,true,true,6E1234
real_can_latency_20260716_final_firmware,209,before,false,00D0,00D1,00D1,false,true,true,6E1234
real_can_latency_20260716_final_firmware,210,before,false,00D1,00D2,00D2,false,true,true,6E1234
real_can_latency_20260716_final_firmware,211,before,false,00D2,00D3,00D3,false,true,true,6E1234
real_can_latency_20260716_final_firmware,212,before,false,00D3,00D4,00D4,false,true,true,6E1234
real_can_latency_20260716_final_firmware,213,before,false,00D4,00D5,00D5,false,true,true,6E1234
real_can_latency_20260716_final_firmware,214,before,false,00D5,00D6,00D6,false,true,true,6E1234
real_can_latency_20260716_final_firmware,215,before,false,00D6,00D7,00D7,false,true,true,6E1234
real_can_latency_20260716_final_firmware,216,before,false,00D7,00D8,00D8,false,true,true,6E1234
real_can_latency_20260716_final_firmware,217,before,false,00D8,00D9,00D9,false,true,true,6E1234
real_can_latency_20260716_final_firmware,218,before,false,00D9,00DA,00DA,false,true,true,6E1234
real_can_latency_20260716_final_firmware,219,before,false,00DA,00DB,00DB,false,true,true,6E1234
real_can_latency_20260716_final_firmware,220,before,false,00DB,00DC,00DC,false,true,true,6E1234
real_can_latency_20260716_final_firmware,221,before,false,00DC,00DD,00DD,false,true,true,6E1234
real_can_latency_20260716_final_firmware,222,before,false,00DD,00DE,00DE,false,true,true,6E1234
real_can_latency_20260716_final_firmware,223,before,false,00DE,00DF,00DF,false,true,true,6E1234
real_can_latency_20260716_final_firmware,224,before,false,00DF,00E0,00E0,false,true,true,6E1234
real_can_latency_20260716_final_firmware,225,before,false,00E0,00E1,00E1,false,true,true,6E1234
real_can_latency_20260716_final_firmware,226,before,false,00E1,00E2,00E2,false,true,true,6E1234
real_can_latency_20260716_final_firmware,227,before,false,00E2,00E3,00E3,false,true,true,6E1234
real_can_latency_20260716_final_firmware,228,before,false,00E3,00E4,00E4,false,true,true,6E1234
real_can_latency_20260716_final_firmware,229,before,false,00E4,00E5,00E5,false,true,true,6E1234
real_can_latency_20260716_final_firmware,230,before,false,00E5,00E6,00E6,false,true,true,6E1234
real_can_latency_20260716_final_firmware,231,before,false,00E6,00E7,00E7,false,true,true,6E1234
real_can_latency_20260716_final_firmware,232,before,false,00E7,00E8,00E8,false,true,true,6E1234
real_can_latency_20260716_final_firmware,233,before,false,00E8,00E9,00E9,false,true,true,6E1234
real_can_latency_20260716_final_firmware,234,before,false,00E9,00EA,00EA,false,true,true,6E1234
real_can_latency_20260716_final_firmware,235,before,false,00EA,00EB,00EB,false,true,true,6E1234
real_can_latency_20260716_final_firmware,236,before,false,00EB,00EC,00EC,false,true,true,6E1234
real_can_latency_20260716_final_firmware,237,before,false,00EC,00ED,00ED,false,true,true,6E1234
real_can_latency_20260716_final_firmware,238,before,false,00ED,00EE,00EE,false,true,true,6E1234
real_can_latency_20260716_final_firmware,239,before,false,00EE,00EF,00EF,false,true,true,6E1234
real_can_latency_20260716_final_firmware,240,before,false,00EF,00F0,00F0,false,true,true,6E1234
real_can_latency_20260716_final_firmware,241,before,false,00F0,00F1,00F1,false,true,true,6E1234
real_can_latency_20260716_final_firmware,242,before,false,00F1,00F2,00F2,false,true,true,6E1234
real_can_latency_20260716_final_firmware,243,before,false,00F2,00F3,00F3,false,true,true,6E1234
real_can_latency_20260716_final_firmware,244,before,false,00F3,00F4,00F4,false,true,true,6E1234
real_can_latency_20260716_final_firmware,245,before,false,00F4,00F5,00F5,false,true,true,6E1234
real_can_latency_20260716_final_firmware,246,before,false,00F5,00F6,00F6,false,true,true,6E1234
real_can_latency_20260716_final_firmware,247,before,false,00F6,00F7,00F7,false,true,true,6E1234
real_can_latency_20260716_final_firmware,248,before,false,00F7,00F8,00F8,false,true,true,6E1234
real_can_latency_20260716_final_firmware,249,before,false,00F8,00F9,00F9,false,true,true,6E1234
real_can_latency_20260716_final_firmware,250,before,false,00F9,00FA,00FA,false,true,true,6E1234
real_can_latency_20260716_final_firmware,251,before,false,00FA,00FB,00FB,false,true,true,6E1234
real_can_latency_20260716_final_firmware,252,before,false,00FB,00FC,00FC,false,true,true,6E1234
real_can_latency_20260716_final_firmware,253,before,false,00FC,00FD,00FD,false,true,true,6E1234
real_can_latency_20260716_final_firmware,254,before,false,00FD,00FE,00FE,false,true,true,6E1234
real_can_latency_20260716_final_firmware,255,before,false,00FE,00FF,00FF,false,true,true,6E1234
real_can_latency_20260716_final_firmware,256,before,false,00FF,0100,0100,false,true,true,6E1234
real_can_latency_20260716_final_firmware,257,before,false,0100,0101,0101,false,true,true,6E1234
real_can_latency_20260716_final_firmware,258,before,false,0101,0102,0102,false,true,true,6E1234
real_can_latency_20260716_final_firmware,259,before,false,0102,0103,0103,false,true,true,6E1234
real_can_latency_20260716_final_firmware,260,before,false,0103,0104,0104,false,true,true,6E1234
real_can_latency_20260716_final_firmware,261,before,false,0104,0105,0105,false,true,true,6E1234
real_can_latency_20260716_final_firmware,262,before,false,0105,0106,0106,false,true,true,6E1234
real_can_latency_20260716_final_firmware,263,before,false,0106,0107,0107,false,true,true,6E1234
real_can_latency_20260716_final_firmware,264,before,false,0107,0108,0108,false,true,true,6E1234
real_can_latency_20260716_final_firmware,265,before,false,0108,0109,0109,false,true,true,6E1234
real_can_latency_20260716_final_firmware,266,before,false,0109,010A,010A,false,true,true,6E1234
real_can_latency_20260716_final_firmware,267,before,false,010A,010B,010B,false,true,true,6E1234
real_can_latency_20260716_final_firmware,268,before,false,010B,010C,010C,false,true,true,6E1234
real_can_latency_20260716_final_firmware,269,before,false,010C,010D,010D,false,true,true,6E1234
real_can_latency_20260716_final_firmware,270,before,false,010D,010E,010E,false,true,true,6E1234
real_can_latency_20260716_final_firmware,271,before,false,010E,010F,010F,false,true,true,6E1234
real_can_latency_20260716_final_firmware,272,before,false,010F,0110,0110,false,true,true,6E1234
real_can_latency_20260716_final_firmware,273,before,false,0110,0111,0111,false,true,true,6E1234
real_can_latency_20260716_final_firmware,274,before,false,0111,0112,0112,false,true,true,6E1234
real_can_latency_20260716_final_firmware,275,before,false,0112,0113,0113,false,true,true,6E1234
real_can_latency_20260716_final_firmware,276,before,false,0113,0114,0114,false,true,true,6E1234
real_can_latency_20260716_final_firmware,277,before,false,0114,0115,0115,false,true,true,6E1234
real_can_latency_20260716_final_firmware,278,before,false,0115,0116,0116,false,true,true,6E1234
real_can_latency_20260716_final_firmware,279,before,false,0116,0117,0117,false,true,true,6E1234
real_can_latency_20260716_final_firmware,280,before,false,0117,0118,0118,false,true,true,6E1234
real_can_latency_20260716_final_firmware,281,before,false,0118,0119,0119,false,true,true,6E1234
real_can_latency_20260716_final_firmware,282,before,false,0119,011A,011A,false,true,true,6E1234
real_can_latency_20260716_final_firmware,283,before,false,011A,011B,011B,false,true,true,6E1234
real_can_latency_20260716_final_firmware,284,before,false,011B,011C,011C,false,true,true,6E1234
real_can_latency_20260716_final_firmware,285,before,false,011C,011D,011D,false,true,true,6E1234
real_can_latency_20260716_final_firmware,286,before,false,011D,011E,011E,false,true,true,6E1234
real_can_latency_20260716_final_firmware,287,before,false,011E,011F,011F,false,true,true,6E1234
real_can_latency_20260716_final_firmware,288,before,false,011F,0120,0120,false,true,true,6E1234
real_can_latency_20260716_final_firmware,289,before,false,0120,0121,0121,false,true,true,6E1234
real_can_latency_20260716_final_firmware,290,before,false,0121,0122,0122,false,true,true,6E1234
real_can_latency_20260716_final_firmware,291,before,false,0122,0123,0123,false,true,true,6E1234
real_can_latency_20260716_final_firmware,292,before,false,0123,0124,0124,false,true,true,6E1234
real_can_latency_20260716_final_firmware,293,before,false,0124,0125,0125,false,true,true,6E1234
real_can_latency_20260716_final_firmware,294,before,false,0125,0126,0126,false,true,true,6E1234
real_can_latency_20260716_final_firmware,295,before,false,0126,0127,0127,false,true,true,6E1234
real_can_latency_20260716_final_firmware,296,before,false,0127,0128,0128,false,true,true,6E1234
real_can_latency_20260716_final_firmware,297,before,false,0128,0129,0129,false,true,true,6E1234
real_can_latency_20260716_final_firmware,298,before,false,0129,012A,012A,false,true,true,6E1234
real_can_latency_20260716_final_firmware,299,before,false,012A,012B,012B,false,true,true,6E1234
real_can_latency_20260716_final_firmware,300,before,false,012B,012C,012C,false,true,true,6E1234
real_can_latency_20260716_final_firmware,301,before,false,012C,012D,012D,false,true,true,6E1234
real_can_latency_20260716_final_firmware,302,before,false,012D,012E,012E,false,true,true,6E1234
real_can_latency_20260716_final_firmware,303,before,false,012E,012F,012F,false,true,true,6E1234
real_can_latency_20260716_final_firmware,304,before,false,012F,0130,0130,false,true,true,6E1234
real_can_latency_20260716_final_firmware,305,before,false,0130,0131,0131,false,true,true,6E1234
real_can_latency_20260716_final_firmware,306,before,false,0131,0132,0132,false,true,true,6E1234
real_can_latency_20260716_final_firmware,307,before,false,0132,0133,0133,false,true,true,6E1234
real_can_latency_20260716_final_firmware,308,before,false,0133,0134,0134,false,true,true,6E1234
real_can_latency_20260716_final_firmware,309,before,false,0134,0135,0135,false,true,true,6E1234
real_can_latency_20260716_final_firmware,310,before,false,0135,0136,0136,false,true,true,6E1234
real_can_latency_20260716_final_firmware,311,before,false,0136,0137,0137,false,true,true,6E1234
real_can_latency_20260716_final_firmware,312,before,false,0137,0138,0138,false,true,true,6E1234
real_can_latency_20260716_final_firmware,313,before,false,0138,0139,0139,false,true,true,6E1234
real_can_latency_20260716_final_firmware,314,before,false,0139,013A,013A,false,true,true,6E1234
real_can_latency_20260716_final_firmware,315,before,false,013A,013B,013B,false,true,true,6E1234
real_can_latency_20260716_final_firmware,316,before,false,013B,013C,013C,false,true,true,6E1234
real_can_latency_20260716_final_firmware,317,before,false,013C,013D,013D,false,true,true,6E1234
real_can_latency_20260716_final_firmware,318,before,false,013D,013E,013E,false,true,true,6E1234
real_can_latency_20260716_final_firmware,319,before,false,013E,013F,013F,false,true,true,6E1234
real_can_latency_20260716_final_firmware,320,before,false,013F,0140,0140,false,true,true,6E1234
real_can_latency_20260716_final_firmware,321,before,false,0140,0141,0141,false,true,true,6E1234
real_can_latency_20260716_final_firmware,322,before,false,0141,0142,0142,false,true,true,6E1234
real_can_latency_20260716_final_firmware,323,before,false,0142,0143,0143,false,true,true,6E1234
real_can_latency_20260716_final_firmware,324,before,false,0143,0144,0144,false,true,true,6E1234
real_can_latency_20260716_final_firmware,325,before,false,0144,0145,0145,false,true,true,6E1234
real_can_latency_20260716_final_firmware,326,before,false,0145,0146,0146,false,true,true,6E1234
real_can_latency_20260716_final_firmware,327,before,false,0146,0147,0147,false,true,true,6E1234
real_can_latency_20260716_final_firmware,328,before,false,0147,0148,0148,false,true,true,6E1234
real_can_latency_20260716_final_firmware,329,before,false,0148,0149,0149,false,true,true,6E1234
real_can_latency_20260716_final_firmware,330,before,false,0149,014A,014A,false,true,true,6E1234
real_can_latency_20260716_final_firmware,331,before,false,014A,014B,014B,false,true,true,6E1234
real_can_latency_20260716_final_firmware,332,before,false,014B,014C,014C,false,true,true,6E1234
real_can_latency_20260716_final_firmware,333,before,false,014C,014D,014D,false,true,true,6E1234
real_can_latency_20260716_final_firmware,334,before,false,014D,014E,014E,false,true,true,6E1234
real_can_latency_20260716_final_firmware,335,before,false,014E,014F,014F,false,true,true,6E1234
real_can_latency_20260716_final_firmware,336,before,false,014F,0150,0150,false,true,true,6E1234
real_can_latency_20260716_final_firmware,337,before,false,0150,0151,0151,false,true,true,6E1234
real_can_latency_20260716_final_firmware,338,before,false,0151,0152,0152,false,true,true,6E1234
real_can_latency_20260716_final_firmware,339,before,false,0152,0153,0153,false,true,true,6E1234
real_can_latency_20260716_final_firmware,340,before,false,0153,0154,0154,false,true,true,6E1234
real_can_latency_20260716_final_firmware,341,before,false,0154,0155,0155,false,true,true,6E1234
real_can_latency_20260716_final_firmware,342,before,false,0155,0156,0156,false,true,true,6E1234
real_can_latency_20260716_final_firmware,343,before,false,0156,0157,0157,false,true,true,6E1234
real_can_latency_20260716_final_firmware,344,before,false,0157,0158,0158,false,true,true,6E1234
real_can_latency_20260716_final_firmware,345,before,false,0158,0159,0159,false,true,true,6E1234
real_can_latency_20260716_final_firmware,346,before,false,0159,015A,015A,false,true,true,6E1234
real_can_latency_20260716_final_firmware,347,before,false,015A,015B,015B,false,true,true,6E1234
real_can_latency_20260716_final_firmware,348,before,false,015B,015C,015C,false,true,true,6E1234
real_can_latency_20260716_final_firmware,349,before,false,015C,015D,015D,false,true,true,6E1234
real_can_latency_20260716_final_firmware,350,before,false,015D,015E,015E,false,true,true,6E1234
real_can_latency_20260716_final_firmware,351,before,false,015E,015F,015F,false,true,true,6E1234
real_can_latency_20260716_final_firmware,352,before,false,015F,0160,0160,false,true,true,6E1234
real_can_latency_20260716_final_firmware,353,before,false,0160,0161,0161,false,true,true,6E1234
real_can_latency_20260716_final_firmware,354,before,false,0161,0162,0162,false,true,true,6E1234
real_can_latency_20260716_final_firmware,355,before,false,0162,0163,0163,false,true,true,6E1234
real_can_latency_20260716_final_firmware,356,before,false,0163,0164,0164,false,true,true,6E1234
real_can_latency_20260716_final_firmware,357,before,false,0164,0165,0165,false,true,true,6E1234
real_can_latency_20260716_final_firmware,358,before,false,0165,0166,0166,false,true,true,6E1234
real_can_latency_20260716_final_firmware,359,before,false,0166,0167,0167,false,true,true,6E1234
real_can_latency_20260716_final_firmware,360,before,false,0167,0168,0168,false,true,true,6E1234
real_can_latency_20260716_final_firmware,361,before,false,0168,0169,0169,false,true,true,6E1234
real_can_latency_20260716_final_firmware,362,before,false,0169,016A,016A,false,true,true,6E1234
real_can_latency_20260716_final_firmware,363,before,false,016A,016B,016B,false,true,true,6E1234
real_can_latency_20260716_final_firmware,364,before,false,016B,016C,016C,false,true,true,6E1234
real_can_latency_20260716_final_firmware,365,before,false,016C,016D,016D,false,true,true,6E1234
real_can_latency_20260716_final_firmware,366,before,false,016D,016E,016E,false,true,true,6E1234
real_can_latency_20260716_final_firmware,367,before,false,016E,016F,016F,false,true,true,6E1234
real_can_latency_20260716_final_firmware,368,before,false,016F,0170,0170,false,true,true,6E1234
real_can_latency_20260716_final_firmware,369,before,false,0170,0171,0171,false,true,true,6E1234
real_can_latency_20260716_final_firmware,370,before,false,0171,0172,0172,false,true,true,6E1234
real_can_latency_20260716_final_firmware,371,before,false,0172,0173,0173,false,true,true,6E1234
real_can_latency_20260716_final_firmware,372,before,false,0173,0174,0174,false,true,true,6E1234
real_can_latency_20260716_final_firmware,373,before,false,0174,0175,0175,false,true,true,6E1234
real_can_latency_20260716_final_firmware,374,before,false,0175,0176,0176,false,true,true,6E1234
real_can_latency_20260716_final_firmware,375,before,false,0176,0177,0177,false,true,true,6E1234
real_can_latency_20260716_final_firmware,376,before,false,0177,0178,0178,false,true,true,6E1234
real_can_latency_20260716_final_firmware,377,before,false,0178,0179,0179,false,true,true,6E1234
real_can_latency_20260716_final_firmware,378,before,false,0179,017A,017A,false,true,true,6E1234
real_can_latency_20260716_final_firmware,379,before,false,017A,017B,017B,false,true,true,6E1234
real_can_latency_20260716_final_firmware,380,before,false,017B,017C,017C,false,true,true,6E1234
real_can_latency_20260716_final_firmware,381,before,false,017C,017D,017D,false,true,true,6E1234
real_can_latency_20260716_final_firmware,382,before,false,017D,017E,017E,false,true,true,6E1234
real_can_latency_20260716_final_firmware,383,before,false,017E,017F,017F,false,true,true,6E1234
real_can_latency_20260716_final_firmware,384,before,false,017F,0180,0180,false,true,true,6E1234
real_can_latency_20260716_final_firmware,385,before,false,0180,0181,0181,false,true,true,6E1234
real_can_latency_20260716_final_firmware,386,before,false,0181,0182,0182,false,true,true,6E1234
real_can_latency_20260716_final_firmware,387,before,false,0182,0183,0183,false,true,true,6E1234
real_can_latency_20260716_final_firmware,388,before,false,0183,0184,0184,false,true,true,6E1234
real_can_latency_20260716_final_firmware,389,before,false,0184,0185,0185,false,true,true,6E1234
real_can_latency_20260716_final_firmware,390,before,false,0185,0186,0186,false,true,true,6E1234
real_can_latency_20260716_final_firmware,391,before,false,0186,0187,0187,false,true,true,6E1234
real_can_latency_20260716_final_firmware,392,before,false,0187,0188,0188,false,true,true,6E1234
real_can_latency_20260716_final_firmware,393,before,false,0188,0189,0189,false,true,true,6E1234
real_can_latency_20260716_final_firmware,394,before,false,0189,018A,018A,false,true,true,6E1234
real_can_latency_20260716_final_firmware,395,before,false,018A,018B,018B,false,true,true,6E1234
real_can_latency_20260716_final_firmware,396,before,false,018B,018C,018C,false,true,true,6E1234
real_can_latency_20260716_final_firmware,397,before,false,018C,018D,018D,false,true,true,6E1234
real_can_latency_20260716_final_firmware,398,before,false,018D,018E,018E,false,true,true,6E1234
real_can_latency_20260716_final_firmware,399,before,false,018E,018F,018F,false,true,true,6E1234
real_can_latency_20260716_final_firmware,400,before,false,018F,0190,0190,false,true,true,6E1234
real_can_latency_20260716_final_firmware,401,before,false,0190,0191,0191,false,true,true,6E1234
real_can_latency_20260716_final_firmware,402,before,false,0191,0192,0192,false,true,true,6E1234
real_can_latency_20260716_final_firmware,403,before,false,0192,0193,0193,false,true,true,6E1234
real_can_latency_20260716_final_firmware,404,before,false,0193,0194,0194,false,true,true,6E1234
real_can_latency_20260716_final_firmware,405,before,false,0194,0195,0195,false,true,true,6E1234
real_can_latency_20260716_final_firmware,406,before,false,0195,0196,0196,false,true,true,6E1234
real_can_latency_20260716_final_firmware,407,before,false,0196,0197,0197,false,true,true,6E1234
real_can_latency_20260716_final_firmware,408,before,false,0197,0198,0198,false,true,true,6E1234
real_can_latency_20260716_final_firmware,409,before,false,0198,0199,0199,false,true,true,6E1234
real_can_latency_20260716_final_firmware,410,before,false,0199,019A,019A,false,true,true,6E1234
real_can_latency_20260716_final_firmware,411,before,false,019A,019B,019B,false,true,true,6E1234
real_can_latency_20260716_final_firmware,412,before,false,019B,019C,019C,false,true,true,6E1234
real_can_latency_20260716_final_firmware,413,before,false,019C,019D,019D,false,true,true,6E1234
real_can_latency_20260716_final_firmware,414,before,false,019D,019E,019E,false,true,true,6E1234
real_can_latency_20260716_final_firmware,415,before,false,019E,019F,019F,false,true,true,6E1234
real_can_latency_20260716_final_firmware,416,before,false,019F,01A0,01A0,false,true,true,6E1234
real_can_latency_20260716_final_firmware,417,before,false,01A0,01A1,01A1,false,true,true,6E1234
real_can_latency_20260716_final_firmware,418,before,false,01A1,01A2,01A2,false,true,true,6E1234
real_can_latency_20260716_final_firmware,419,before,false,01A2,01A3,01A3,false,true,true,6E1234
real_can_latency_20260716_final_firmware,420,before,false,01A3,01A4,01A4,false,true,true,6E1234
real_can_latency_20260716_final_firmware,421,before,false,01A4,01A5,01A5,false,true,true,6E1234
real_can_latency_20260716_final_firmware,422,before,false,01A5,01A6,01A6,false,true,true,6E1234
real_can_latency_20260716_final_firmware,423,before,false,01A6,01A7,01A7,false,true,true,6E1234
real_can_latency_20260716_final_firmware,424,before,false,01A7,01A8,01A8,false,true,true,6E1234
real_can_latency_20260716_final_firmware,425,before,false,01A8,01A9,01A9,false,true,true,6E1234
real_can_latency_20260716_final_firmware,426,before,false,01A9,01AA,01AA,false,true,true,6E1234
real_can_latency_20260716_final_firmware,427,before,false,01AA,01AB,01AB,false,true,true,6E1234
real_can_latency_20260716_final_firmware,428,before,false,01AB,01AC,01AC,false,true,true,6E1234
real_can_latency_20260716_final_firmware,429,before,false,01AC,01AD,01AD,false,true,true,6E1234
real_can_latency_20260716_final_firmware,430,before,false,01AD,01AE,01AE,false,true,true,6E1234
real_can_latency_20260716_final_firmware,431,before,false,01AE,01AF,01AF,false,true,true,6E1234
real_can_latency_20260716_final_firmware,432,before,false,01AF,01B0,01B0,false,true,true,6E1234
real_can_latency_20260716_final_firmware,433,before,false,01B0,01B1,01B1,false,true,true,6E1234
real_can_latency_20260716_final_firmware,434,before,false,01B1,01B2,01B2,false,true,true,6E1234
real_can_latency_20260716_final_firmware,435,before,false,01B2,01B3,01B3,false,true,true,6E1234
real_can_latency_20260716_final_firmware,436,before,false,01B3,01B4,01B4,false,true,true,6E1234
real_can_latency_20260716_final_firmware,437,before,false,01B4,01B5,01B5,false,true,true,6E1234
real_can_latency_20260716_final_firmware,438,before,false,01B5,01B6,01B6,false,true,true,6E1234
real_can_latency_20260716_final_firmware,439,before,false,01B6,01B7,01B7,false,true,true,6E1234
real_can_latency_20260716_final_firmware,440,before,false,01B7,01B8,01B8,false,true,true,6E1234
real_can_latency_20260716_final_firmware,441,before,false,01B8,01B9,01B9,false,true,true,6E1234
real_can_latency_20260716_final_firmware,442,before,false,01B9,01BA,01BA,false,true,true,6E1234
real_can_latency_20260716_final_firmware,443,before,false,01BA,01BB,01BB,false,true,true,6E1234
real_can_latency_20260716_final_firmware,444,before,false,01BB,01BC,01BC,false,true,true,6E1234
real_can_latency_20260716_final_firmware,445,before,false,01BC,01BD,01BD,false,true,true,6E1234
real_can_latency_20260716_final_firmware,446,before,false,01BD,01BE,01BE,false,true,true,6E1234
real_can_latency_20260716_final_firmware,447,before,false,01BE,01BF,01BF,false,true,true,6E1234
real_can_latency_20260716_final_firmware,448,before,false,01BF,01C0,01C0,false,true,true,6E1234
real_can_latency_20260716_final_firmware,449,before,false,01C0,01C1,01C1,false,true,true,6E1234
real_can_latency_20260716_final_firmware,450,before,false,01C1,01C2,01C2,false,true,true,6E1234
real_can_latency_20260716_final_firmware,451,before,false,01C2,01C3,01C3,false,true,true,6E1234
real_can_latency_20260716_final_firmware,452,before,false,01C3,01C4,01C4,false,true,true,6E1234
real_can_latency_20260716_final_firmware,453,before,false,01C4,01C5,01C5,false,true,true,6E1234
real_can_latency_20260716_final_firmware,454,before,false,01C5,01C6,01C6,false,true,true,6E1234
real_can_latency_20260716_final_firmware,455,before,false,01C6,01C7,01C7,false,true,true,6E1234
real_can_latency_20260716_final_firmware,456,before,false,01C7,01C8,01C8,false,true,true,6E1234
real_can_latency_20260716_final_firmware,457,before,false,01C8,01C9,01C9,false,true,true,6E1234
real_can_latency_20260716_final_firmware,458,before,false,01C9,01CA,01CA,false,true,true,6E1234
real_can_latency_20260716_final_firmware,459,before,false,01CA,01CB,01CB,false,true,true,6E1234
real_can_latency_20260716_final_firmware,460,before,false,01CB,01CC,01CC,false,true,true,6E1234
real_can_latency_20260716_final_firmware,461,before,false,01CC,01CD,01CD,false,true,true,6E1234
real_can_latency_20260716_final_firmware,462,before,false,01CD,01CE,01CE,false,true,true,6E1234
real_can_latency_20260716_final_firmware,463,before,false,01CE,01CF,01CF,false,true,true,6E1234
real_can_latency_20260716_final_firmware,464,before,false,01CF,01D0,01D0,false,true,true,6E1234
real_can_latency_20260716_final_firmware,465,before,false,01D0,01D1,01D1,false,true,true,6E1234
real_can_latency_20260716_final_firmware,466,before,false,01D1,01D2,01D2,false,true,true,6E1234
real_can_latency_20260716_final_firmware,467,before,false,01D2,01D3,01D3,false,true,true,6E1234
real_can_latency_20260716_final_firmware,468,before,false,01D3,01D4,01D4,false,true,true,6E1234
real_can_latency_20260716_final_firmware,469,before,false,01D4,01D5,01D5,false,true,true,6E1234
real_can_latency_20260716_final_firmware,470,before,false,01D5,01D6,01D6,false,true,true,6E1234
real_can_latency_20260716_final_firmware,471,before,false,01D6,01D7,01D7,false,true,true,6E1234
real_can_latency_20260716_final_firmware,472,before,false,01D7,01D8,01D8,false,true,true,6E1234
real_can_latency_20260716_final_firmware,473,before,false,01D8,01D9,01D9,false,true,true,6E1234
real_can_latency_20260716_final_firmware,474,before,false,01D9,01DA,01DA,false,true,true,6E1234
real_can_latency_20260716_final_firmware,475,before,false,01DA,01DB,01DB,false,true,true,6E1234
real_can_latency_20260716_final_firmware,476,before,false,01DB,01DC,01DC,false,true,true,6E1234
real_can_latency_20260716_final_firmware,477,before,false,01DC,01DD,01DD,false,true,true,6E1234
real_can_latency_20260716_final_firmware,478,before,false,01DD,01DE,01DE,false,true,true,6E1234
real_can_latency_20260716_final_firmware,479,before,false,01DE,01DF,01DF,false,true,true,6E1234
real_can_latency_20260716_final_firmware,480,before,false,01DF,01E0,01E0,false,true,true,6E1234
real_can_latency_20260716_final_firmware,481,before,false,01E0,01E1,01E1,false,true,true,6E1234
real_can_latency_20260716_final_firmware,482,before,false,01E1,01E2,01E2,false,true,true,6E1234
real_can_latency_20260716_final_firmware,483,before,false,01E2,01E3,01E3,false,true,true,6E1234
real_can_latency_20260716_final_firmware,484,before,false,01E3,01E4,01E4,false,true,true,6E1234
real_can_latency_20260716_final_firmware,485,before,false,01E4,01E5,01E5,false,true,true,6E1234
real_can_latency_20260716_final_firmware,486,before,false,01E5,01E6,01E6,false,true,true,6E1234
real_can_latency_20260716_final_firmware,487,before,false,01E6,01E7,01E7,false,true,true,6E1234
real_can_latency_20260716_final_firmware,488,before,false,01E7,01E8,01E8,false,true,true,6E1234
real_can_latency_20260716_final_firmware,489,before,false,01E8,01E9,01E9,false,true,true,6E1234
real_can_latency_20260716_final_firmware,490,before,false,01E9,01EA,01EA,false,true,true,6E1234
real_can_latency_20260716_final_firmware,491,before,false,01EA,01EB,01EB,false,true,true,6E1234
real_can_latency_20260716_final_firmware,492,before,false,01EB,01EC,01EC,false,true,true,6E1234
real_can_latency_20260716_final_firmware,493,before,false,01EC,01ED,01ED,false,true,true,6E1234
real_can_latency_20260716_final_firmware,494,before,false,01ED,01EE,01EE,false,true,true,6E1234
real_can_latency_20260716_final_firmware,495,before,false,01EE,01EF,01EF,false,true,true,6E1234
real_can_latency_20260716_final_firmware,496,before,false,01EF,01F0,01F0,false,true,true,6E1234
real_can_latency_20260716_final_firmware,497,before,false,01F0,01F1,01F1,false,true,true,6E1234
real_can_latency_20260716_final_firmware,498,before,false,01F1,01F2,01F2,false,true,true,6E1234
real_can_latency_20260716_final_firmware,499,before,false,01F2,01F3,01F3,false,true,true,6E1234
real_can_latency_20260716_final_firmware,500,before,false,01F3,01F4,01F4,false,true,true,6E1234
real_can_latency_20260716_final_firmware,501,before,false,01F4,01F5,01F5,false,true,true,6E1234
real_can_latency_20260716_final_firmware,502,before,false,01F5,01F6,01F6,false,true,true,6E1234
real_can_latency_20260716_final_firmware,503,before,false,01F6,01F7,01F7,false,true,true,6E1234
real_can_latency_20260716_final_firmware,504,before,false,01F7,01F8,01F8,false,true,true,6E1234
real_can_latency_20260716_final_firmware,505,before,false,01F8,01F9,01F9,false,true,true,6E1234
real_can_latency_20260716_final_firmware,506,before,false,01F9,01FA,01FA,false,true,true,6E1234
real_can_latency_20260716_final_firmware,507,before,false,01FA,01FB,01FB,false,true,true,6E1234
real_can_latency_20260716_final_firmware,508,before,false,01FB,01FC,01FC,false,true,true,6E1234
real_can_latency_20260716_final_firmware,509,before,false,01FC,01FD,01FD,false,true,true,6E1234
real_can_latency_20260716_final_firmware,510,before,false,01FD,01FE,01FE,false,true,true,6E1234
real_can_latency_20260716_final_firmware,511,before,false,01FE,01FF,01FF,false,true,true,6E1234
real_can_latency_20260716_final_firmware,512,before,false,01FF,0200,0200,false,true,true,6E1234
real_can_latency_20260716_final_firmware,513,before,false,0200,0201,0201,false,true,true,6E1234
real_can_latency_20260716_final_firmware,514,before,false,0201,0202,0202,false,true,true,6E1234
real_can_latency_20260716_final_firmware,515,before,false,0202,0203,0203,false,true,true,6E1234
real_can_latency_20260716_final_firmware,516,before,false,0203,0204,0204,false,true,true,6E1234
real_can_latency_20260716_final_firmware,517,before,false,0204,0205,0205,false,true,true,6E1234
real_can_latency_20260716_final_firmware,518,before,false,0205,0206,0206,false,true,true,6E1234
real_can_latency_20260716_final_firmware,519,before,false,0206,0207,0207,false,true,true,6E1234
real_can_latency_20260716_final_firmware,520,before,false,0207,0208,0208,false,true,true,6E1234
real_can_latency_20260716_final_firmware,1,after,true,,0001,,true,false,false,7F2E31
real_can_latency_20260716_final_firmware,2,after,true,,0002,,false,false,false,7F2E31
real_can_latency_20260716_final_firmware,3,after,true,,0003,,false,false,false,7F2E31
real_can_latency_20260716_final_firmware,4,after,true,,0004,,false,false,false,7F2E31
real_can_latency_20260716_final_firmware,5,after,true,,0005,,false,false,false,7F2E31
real_can_latency_20260716_final_firmware,6,after,true,,0006,,false,false,false,7F2E31
real_can_latency_20260716_final_firmware,7,after,true,,0007,,false,false,false,7F2E31
real_can_latency_20260716_final_firmware,8,after,true,,0008,,false,false,false,7F2E31
real_can_latency_20260716_final_firmware,9,after,true,,0009,,false,false,false,7F2E31
real_can_latency_20260716_final_firmware,10,after,true,,000A,,false,false,false,7F2E31
real_can_latency_20260716_final_firmware,11,after,true,,000B,,false,false,false,7F2E31
real_can_latency_20260716_final_firmware,12,after,true,,000C,,false,false,false,7F2E31
real_can_latency_20260716_final_firmware,13,after,true,,000D,,false,false,false,7F2E31
real_can_latency_20260716_final_firmware,14,after,true,,000E,,false,false,false,7F2E31
real_can_latency_20260716_final_firmware,15,after,true,,000F,,false,false,false,7F2E31
real_can_latency_20260716_final_firmware,16,after,true,,0010,,false,false,false,7F2E31
real_can_latency_20260716_final_firmware,17,after,true,,0011,,false,false,false,7F2E31
real_can_latency_20260716_final_firmware,18,after,true,,0012,,false,false,false,7F2E31
real_can_latency_20260716_final_firmware,19,after,true,,0013,,false,false,false,7F2E31
real_can_latency_20260716_final_firmware,20,after,true,,0014,,false,false,false,7F2E31
real_can_latency_20260716_final_firmware,21,after,false,,0015,,false,false,false,7F2E31
real_can_latency_20260716_final_firmware,22,after,false,,0016,,false,false,false,7F2E31
real_can_latency_20260716_final_firmware,23,after,false,,0017,,false,false,false,7F2E31
real_can_latency_20260716_final_firmware,24,after,false,,0018,,false,false,false,7F2E31
real_can_latency_20260716_final_firmware,25,after,false,,0019,,false,false,false,7F2E31
real_can_latency_20260716_final_firmware,26,after,false,,001A,,false,false,false,7F2E31
real_can_latency_20260716_final_firmware,27,after,false,,001B,,false,false,false,7F2E31
real_can_latency_20260716_final_firmware,28,after,false,,001C,,false,false,false,7F2E31
real_can_latency_20260716_final_firmware,29,after,false,,001D,,false,false,false,7F2E31
real_can_latency_20260716_final_firmware,30,after,false,,001E,,false,false,false,7F2E31
real_can_latency_20260716_final_firmware,31,after,false,,001F,,false,false,false,7F2E31
real_can_latency_20260716_final_firmware,32,after,false,,0020,,false,false,false,7F2E31
real_can_latency_20260716_final_firmware,33,after,false,,0021,,false,false,false,7F2E31
real_can_latency_20260716_final_firmware,34,after,false,,0022,,false,false,false,7F2E31
real_can_latency_20260716_final_firmware,35,after,false,,0023,,false,false,false,7F2E31
real_can_latency_20260716_final_firmware,36,after,false,,0024,,false,false,false,7F2E31
real_can_latency_20260716_final_firmware,37,after,false,,0025,,false,false,false,7F2E31
real_can_latency_20260716_final_firmware,38,after,false,,0026,,false,false,false,7F2E31
real_can_latency_20260716_final_firmware,39,after,false,,0027,,false,false,false,7F2E31
real_can_latency_20260716_final_firmware,40,after,false,,0028,,false,false,false,7F2E31
real_can_latency_20260716_final_firmware,41,after,false,,0029,,false,false,false,7F2E31
real_can_latency_20260716_final_firmware,42,after,false,,002A,,false,false,false,7F2E31
real_can_latency_20260716_final_firmware,43,after,false,,002B,,false,false,false,7F2E31
real_can_latency_20260716_final_firmware,44,after,false,,002C,,false,false,false,7F2E31
real_can_latency_20260716_final_firmware,45,after,false,,002D,,false,false,false,7F2E31
real_can_latency_20260716_final_firmware,46,after,false,,002E,,false,false,false,7F2E31
real_can_latency_20260716_final_firmware,47,after,false,,002F,,false,false,false,7F2E31
real_can_latency_20260716_final_firmware,48,after,false,,0030,,false,false,false,7F2E31
real_can_latency_20260716_final_firmware,49,after,false,,0031,,false,false,false,7F2E31
real_can_latency_20260716_final_firmware,50,after,false,,0032,,false,false,false,7F2E31
real_can_latency_20260716_final_firmware,51,after,false,,0033,,false,false,false,7F2E31
real_can_latency_20260716_final_firmware,52,after,false,,0034,,false,false,false,7F2E31
real_can_latency_20260716_final_firmware,53,after,false,,0035,,false,false,false,7F2E31
real_can_latency_20260716_final_firmware,54,after,false,,0036,,false,false,false,7F2E31
real_can_latency_20260716_final_firmware,55,after,false,,0037,,false,false,false,7F2E31
real_can_latency_20260716_final_firmware,56,after,false,,0038,,false,false,false,7F2E31
real_can_latency_20260716_final_firmware,57,after,false,,0039,,false,false,false,7F2E31
real_can_latency_20260716_final_firmware,58,after,false,,003A,,false,false,false,7F2E31
real_can_latency_20260716_final_firmware,59,after,false,,003B,,false,false,false,7F2E31
real_can_latency_20260716_final_firmware,60,after,false,,003C,,false,false,false,7F2E31
real_can_latency_20260716_final_firmware,61,after,false,,003D,,false,false,false,7F2E31
real_can_latency_20260716_final_firmware,62,after,false,,003E,,false,false,false,7F2E31
real_can_latency_20260716_final_firmware,63,after,false,,003F,,false,false,false,7F2E31
real_can_latency_20260716_final_firmware,64,after,false,,0040,,false,false,false,7F2E31
real_can_latency_20260716_final_firmware,65,after,false,,0041,,false,false,false,7F2E31
real_can_latency_20260716_final_firmware,66,after,false,,0042,,false,false,false,7F2E31
real_can_latency_20260716_final_firmware,67,after,false,,0043,,false,false,false,7F2E31
real_can_latency_20260716_final_firmware,68,after,false,,0044,,false,false,false,7F2E31
real_can_latency_20260716_final_firmware,69,after,false,,0045,,false,false,false,7F2E31
real_can_latency_20260716_final_firmware,70,after,false,,0046,,false,false,false,7F2E31
real_can_latency_20260716_final_firmware,71,after,false,,0047,,false,false,false,7F2E31
real_can_latency_20260716_final_firmware,72,after,false,,0048,,false,false,false,7F2E31
real_can_latency_20260716_final_firmware,73,after,false,,0049,,false,false,false,7F2E31
real_can_latency_20260716_final_firmware,74,after,false,,004A,,false,false,false,7F2E31
real_can_latency_20260716_final_firmware,75,after,false,,004B,,false,false,false,7F2E31
real_can_latency_20260716_final_firmware,76,after,false,,004C,,false,false,false,7F2E31
real_can_latency_20260716_final_firmware,77,after,false,,004D,,false,false,false,7F2E31
real_can_latency_20260716_final_firmware,78,after,false,,004E,,false,false,false,7F2E31
real_can_latency_20260716_final_firmware,79,after,false,,004F,,false,false,false,7F2E31
real_can_latency_20260716_final_firmware,80,after,false,,0050,,false,false,false,7F2E31
real_can_latency_20260716_final_firmware,81,after,false,,0051,,false,false,false,7F2E31
real_can_latency_20260716_final_firmware,82,after,false,,0052,,false,false,false,7F2E31
real_can_latency_20260716_final_firmware,83,after,false,,0053,,false,false,false,7F2E31
real_can_latency_20260716_final_firmware,84,after,false,,0054,,false,false,false,7F2E31
real_can_latency_20260716_final_firmware,85,after,false,,0055,,false,false,false,7F2E31
real_can_latency_20260716_final_firmware,86,after,false,,0056,,false,false,false,7F2E31
real_can_latency_20260716_final_firmware,87,after,false,,0057,,false,false,false,7F2E31
real_can_latency_20260716_final_firmware,88,after,false,,0058,,false,false,false,7F2E31
real_can_latency_20260716_final_firmware,89,after,false,,0059,,false,false,false,7F2E31
real_can_latency_20260716_final_firmware,90,after,false,,005A,,false,false,false,7F2E31
real_can_latency_20260716_final_firmware,91,after,false,,005B,,false,false,false,7F2E31
real_can_latency_20260716_final_firmware,92,after,false,,005C,,false,false,false,7F2E31
real_can_latency_20260716_final_firmware,93,after,false,,005D,,false,false,false,7F2E31
real_can_latency_20260716_final_firmware,94,after,false,,005E,,false,false,false,7F2E31
real_can_latency_20260716_final_firmware,95,after,false,,005F,,false,false,false,7F2E31
real_can_latency_20260716_final_firmware,96,after,false,,0060,,false,false,false,7F2E31
real_can_latency_20260716_final_firmware,97,after,false,,0061,,false,false,false,7F2E31
real_can_latency_20260716_final_firmware,98,after,false,,0062,,false,false,false,7F2E31
real_can_latency_20260716_final_firmware,99,after,false,,0063,,false,false,false,7F2E31
real_can_latency_20260716_final_firmware,100,after,false,,0064,,false,false,false,7F2E31
real_can_latency_20260716_final_firmware,101,after,false,,0065,,false,false,false,7F2E31
real_can_latency_20260716_final_firmware,102,after,false,,0066,,false,false,false,7F2E31
real_can_latency_20260716_final_firmware,103,after,false,,0067,,false,false,false,7F2E31
real_can_latency_20260716_final_firmware,104,after,false,,0068,,false,false,false,7F2E31
real_can_latency_20260716_final_firmware,105,after,false,,0069,,false,false,false,7F2E31
real_can_latency_20260716_final_firmware,106,after,false,,006A,,false,false,false,7F2E31
real_can_latency_20260716_final_firmware,107,after,false,,006B,,false,false,false,7F2E31
real_can_latency_20260716_final_firmware,108,after,false,,006C,,false,false,false,7F2E31
real_can_latency_20260716_final_firmware,109,after,false,,006D,,false,false,false,7F2E31
real_can_latency_20260716_final_firmware,110,after,false,,006E,,false,false,false,7F2E31
real_can_latency_20260716_final_firmware,111,after,false,,006F,,false,false,false,7F2E31
real_can_latency_20260716_final_firmware,112,after,false,,0070,,false,false,false,7F2E31
real_can_latency_20260716_final_firmware,113,after,false,,0071,,false,false,false,7F2E31
real_can_latency_20260716_final_firmware,114,after,false,,0072,,false,false,false,7F2E31
real_can_latency_20260716_final_firmware,115,after,false,,0073,,false,false,false,7F2E31
real_can_latency_20260716_final_firmware,116,after,false,,0074,,false,false,false,7F2E31
real_can_latency_20260716_final_firmware,117,after,false,,0075,,false,false,false,7F2E31
real_can_latency_20260716_final_firmware,118,after,false,,0076,,false,false,false,7F2E31
real_can_latency_20260716_final_firmware,119,after,false,,0077,,false,false,false,7F2E31
real_can_latency_20260716_final_firmware,120,after,false,,0078,,false,false,false,7F2E31
real_can_latency_20260716_final_firmware,121,after,false,,0079,,false,false,false,7F2E31
real_can_latency_20260716_final_firmware,122,after,false,,007A,,false,false,false,7F2E31
real_can_latency_20260716_final_firmware,123,after,false,,007B,,false,false,false,7F2E31
real_can_latency_20260716_final_firmware,124,after,false,,007C,,false,false,false,7F2E31
real_can_latency_20260716_final_firmware,125,after,false,,007D,,false,false,false,7F2E31
real_can_latency_20260716_final_firmware,126,after,false,,007E,,false,false,false,7F2E31
real_can_latency_20260716_final_firmware,127,after,false,,007F,,false,false,false,7F2E31
real_can_latency_20260716_final_firmware,128,after,false,,0080,,false,false,false,7F2E31
real_can_latency_20260716_final_firmware,129,after,false,,0081,,false,false,false,7F2E31
real_can_latency_20260716_final_firmware,130,after,false,,0082,,false,false,false,7F2E31
real_can_latency_20260716_final_firmware,131,after,false,,0083,,false,false,false,7F2E31
real_can_latency_20260716_final_firmware,132,after,false,,0084,,false,false,false,7F2E31
real_can_latency_20260716_final_firmware,133,after,false,,0085,,false,false,false,7F2E31
real_can_latency_20260716_final_firmware,134,after,false,,0086,,false,false,false,7F2E31
real_can_latency_20260716_final_firmware,135,after,false,,0087,,false,false,false,7F2E31
real_can_latency_20260716_final_firmware,136,after,false,,0088,,false,false,false,7F2E31
real_can_latency_20260716_final_firmware,137,after,false,,0089,,false,false,false,7F2E31
real_can_latency_20260716_final_firmware,138,after,false,,008A,,false,false,false,7F2E31
real_can_latency_20260716_final_firmware,139,after,false,,008B,,false,false,false,7F2E31
real_can_latency_20260716_final_firmware,140,after,false,,008C,,false,false,false,7F2E31
real_can_latency_20260716_final_firmware,141,after,false,,008D,,false,false,false,7F2E31
real_can_latency_20260716_final_firmware,142,after,false,,008E,,false,false,false,7F2E31
real_can_latency_20260716_final_firmware,143,after,false,,008F,,false,false,false,7F2E31
real_can_latency_20260716_final_firmware,144,after,false,,0090,,false,false,false,7F2E31
real_can_latency_20260716_final_firmware,145,after,false,,0091,,false,false,false,7F2E31
real_can_latency_20260716_final_firmware,146,after,false,,0092,,false,false,false,7F2E31
real_can_latency_20260716_final_firmware,147,after,false,,0093,,false,false,false,7F2E31
real_can_latency_20260716_final_firmware,148,after,false,,0094,,false,false,false,7F2E31
real_can_latency_20260716_final_firmware,149,after,false,,0095,,false,false,false,7F2E31
real_can_latency_20260716_final_firmware,150,after,false,,0096,,false,false,false,7F2E31
real_can_latency_20260716_final_firmware,151,after,false,,0097,,false,false,false,7F2E31
real_can_latency_20260716_final_firmware,152,after,false,,0098,,false,false,false,7F2E31
real_can_latency_20260716_final_firmware,153,after,false,,0099,,false,false,false,7F2E31
real_can_latency_20260716_final_firmware,154,after,false,,009A,,false,false,false,7F2E31
real_can_latency_20260716_final_firmware,155,after,false,,009B,,false,false,false,7F2E31
real_can_latency_20260716_final_firmware,156,after,false,,009C,,false,false,false,7F2E31
real_can_latency_20260716_final_firmware,157,after,false,,009D,,false,false,false,7F2E31
real_can_latency_20260716_final_firmware,158,after,false,,009E,,false,false,false,7F2E31
real_can_latency_20260716_final_firmware,159,after,false,,009F,,false,false,false,7F2E31
real_can_latency_20260716_final_firmware,160,after,false,,00A0,,false,false,false,7F2E31
real_can_latency_20260716_final_firmware,161,after,false,,00A1,,false,false,false,7F2E31
real_can_latency_20260716_final_firmware,162,after,false,,00A2,,false,false,false,7F2E31
real_can_latency_20260716_final_firmware,163,after,false,,00A3,,false,false,false,7F2E31
real_can_latency_20260716_final_firmware,164,after,false,,00A4,,false,false,false,7F2E31
real_can_latency_20260716_final_firmware,165,after,false,,00A5,,false,false,false,7F2E31
real_can_latency_20260716_final_firmware,166,after,false,,00A6,,false,false,false,7F2E31
real_can_latency_20260716_final_firmware,167,after,false,,00A7,,false,false,false,7F2E31
real_can_latency_20260716_final_firmware,168,after,false,,00A8,,false,false,false,7F2E31
real_can_latency_20260716_final_firmware,169,after,false,,00A9,,false,false,false,7F2E31
real_can_latency_20260716_final_firmware,170,after,false,,00AA,,false,false,false,7F2E31
real_can_latency_20260716_final_firmware,171,after,false,,00AB,,false,false,false,7F2E31
real_can_latency_20260716_final_firmware,172,after,false,,00AC,,false,false,false,7F2E31
real_can_latency_20260716_final_firmware,173,after,false,,00AD,,false,false,false,7F2E31
real_can_latency_20260716_final_firmware,174,after,false,,00AE,,false,false,false,7F2E31
real_can_latency_20260716_final_firmware,175,after,false,,00AF,,false,false,false,7F2E31
real_can_latency_20260716_final_firmware,176,after,false,,00B0,,false,false,false,7F2E31
real_can_latency_20260716_final_firmware,177,after,false,,00B1,,false,false,false,7F2E31
real_can_latency_20260716_final_firmware,178,after,false,,00B2,,false,false,false,7F2E31
real_can_latency_20260716_final_firmware,179,after,false,,00B3,,false,false,false,7F2E31
real_can_latency_20260716_final_firmware,180,after,false,,00B4,,false,false,false,7F2E31
real_can_latency_20260716_final_firmware,181,after,false,,00B5,,false,false,false,7F2E31
real_can_latency_20260716_final_firmware,182,after,false,,00B6,,false,false,false,7F2E31
real_can_latency_20260716_final_firmware,183,after,false,,00B7,,false,false,false,7F2E31
real_can_latency_20260716_final_firmware,184,after,false,,00B8,,false,false,false,7F2E31
real_can_latency_20260716_final_firmware,185,after,false,,00B9,,false,false,false,7F2E31
real_can_latency_20260716_final_firmware,186,after,false,,00BA,,false,false,false,7F2E31
real_can_latency_20260716_final_firmware,187,after,false,,00BB,,false,false,false,7F2E31
real_can_latency_20260716_final_firmware,188,after,false,,00BC,,false,false,false,7F2E31
real_can_latency_20260716_final_firmware,189,after,false,,00BD,,false,false,false,7F2E31
real_can_latency_20260716_final_firmware,190,after,false,,00BE,,false,false,false,7F2E31
real_can_latency_20260716_final_firmware,191,after,false,,00BF,,false,false,false,7F2E31
real_can_latency_20260716_final_firmware,192,after,false,,00C0,,false,false,false,7F2E31
real_can_latency_20260716_final_firmware,193,after,false,,00C1,,false,false,false,7F2E31
real_can_latency_20260716_final_firmware,194,after,false,,00C2,,false,false,false,7F2E31
real_can_latency_20260716_final_firmware,195,after,false,,00C3,,false,false,false,7F2E31
real_can_latency_20260716_final_firmware,196,after,false,,00C4,,false,false,false,7F2E31
real_can_latency_20260716_final_firmware,197,after,false,,00C5,,false,false,false,7F2E31
real_can_latency_20260716_final_firmware,198,after,false,,00C6,,false,false,false,7F2E31
real_can_latency_20260716_final_firmware,199,after,false,,00C7,,false,false,false,7F2E31
real_can_latency_20260716_final_firmware,200,after,false,,00C8,,false,false,false,7F2E31
real_can_latency_20260716_final_firmware,201,after,false,,00C9,,false,false,false,7F2E31
real_can_latency_20260716_final_firmware,202,after,false,,00CA,,false,false,false,7F2E31
real_can_latency_20260716_final_firmware,203,after,false,,00CB,,false,false,false,7F2E31
real_can_latency_20260716_final_firmware,204,after,false,,00CC,,false,false,false,7F2E31
real_can_latency_20260716_final_firmware,205,after,false,,00CD,,false,false,false,7F2E31
real_can_latency_20260716_final_firmware,206,after,false,,00CE,,false,false,false,7F2E31
real_can_latency_20260716_final_firmware,207,after,false,,00CF,,false,false,false,7F2E31
real_can_latency_20260716_final_firmware,208,after,false,,00D0,,false,false,false,7F2E31
real_can_latency_20260716_final_firmware,209,after,false,,00D1,,false,false,false,7F2E31
real_can_latency_20260716_final_firmware,210,after,false,,00D2,,false,false,false,7F2E31
real_can_latency_20260716_final_firmware,211,after,false,,00D3,,false,false,false,7F2E31
real_can_latency_20260716_final_firmware,212,after,false,,00D4,,false,false,false,7F2E31
real_can_latency_20260716_final_firmware,213,after,false,,00D5,,false,false,false,7F2E31
real_can_latency_20260716_final_firmware,214,after,false,,00D6,,false,false,false,7F2E31
real_can_latency_20260716_final_firmware,215,after,false,,00D7,,false,false,false,7F2E31
real_can_latency_20260716_final_firmware,216,after,false,,00D8,,false,false,false,7F2E31
real_can_latency_20260716_final_firmware,217,after,false,,00D9,,false,false,false,7F2E31
real_can_latency_20260716_final_firmware,218,after,false,,00DA,,false,false,false,7F2E31
real_can_latency_20260716_final_firmware,219,after,false,,00DB,,false,false,false,7F2E31
real_can_latency_20260716_final_firmware,220,after,false,,00DC,,false,false,false,7F2E31
real_can_latency_20260716_final_firmware,221,after,false,,00DD,,false,false,false,7F2E31
real_can_latency_20260716_final_firmware,222,after,false,,00DE,,false,false,false,7F2E31
real_can_latency_20260716_final_firmware,223,after,false,,00DF,,false,false,false,7F2E31
real_can_latency_20260716_final_firmware,224,after,false,,00E0,,false,false,false,7F2E31
real_can_latency_20260716_final_firmware,225,after,false,,00E1,,false,false,false,7F2E31
real_can_latency_20260716_final_firmware,226,after,false,,00E2,,false,false,false,7F2E31
real_can_latency_20260716_final_firmware,227,after,false,,00E3,,false,false,false,7F2E31
real_can_latency_20260716_final_firmware,228,after,false,,00E4,,false,false,false,7F2E31
real_can_latency_20260716_final_firmware,229,after,false,,00E5,,false,false,false,7F2E31
real_can_latency_20260716_final_firmware,230,after,false,,00E6,,false,false,false,7F2E31
real_can_latency_20260716_final_firmware,231,after,false,,00E7,,false,false,false,7F2E31
real_can_latency_20260716_final_firmware,232,after,false,,00E8,,false,false,false,7F2E31
real_can_latency_20260716_final_firmware,233,after,false,,00E9,,false,false,false,7F2E31
real_can_latency_20260716_final_firmware,234,after,false,,00EA,,false,false,false,7F2E31
real_can_latency_20260716_final_firmware,235,after,false,,00EB,,false,false,false,7F2E31
real_can_latency_20260716_final_firmware,236,after,false,,00EC,,false,false,false,7F2E31
real_can_latency_20260716_final_firmware,237,after,false,,00ED,,false,false,false,7F2E31
real_can_latency_20260716_final_firmware,238,after,false,,00EE,,false,false,false,7F2E31
real_can_latency_20260716_final_firmware,239,after,false,,00EF,,false,false,false,7F2E31
real_can_latency_20260716_final_firmware,240,after,false,,00F0,,false,false,false,7F2E31
real_can_latency_20260716_final_firmware,241,after,false,,00F1,,false,false,false,7F2E31
real_can_latency_20260716_final_firmware,242,after,false,,00F2,,false,false,false,7F2E31
real_can_latency_20260716_final_firmware,243,after,false,,00F3,,false,false,false,7F2E31
real_can_latency_20260716_final_firmware,244,after,false,,00F4,,false,false,false,7F2E31
real_can_latency_20260716_final_firmware,245,after,false,,00F5,,false,false,false,7F2E31
real_can_latency_20260716_final_firmware,246,after,false,,00F6,,false,false,false,7F2E31
real_can_latency_20260716_final_firmware,247,after,false,,00F7,,false,false,false,7F2E31
real_can_latency_20260716_final_firmware,248,after,false,,00F8,,false,false,false,7F2E31
real_can_latency_20260716_final_firmware,249,after,false,,00F9,,false,false,false,7F2E31
real_can_latency_20260716_final_firmware,250,after,false,,00FA,,false,false,false,7F2E31
real_can_latency_20260716_final_firmware,251,after,false,,00FB,,false,false,false,7F2E31
real_can_latency_20260716_final_firmware,252,after,false,,00FC,,false,false,false,7F2E31
real_can_latency_20260716_final_firmware,253,after,false,,00FD,,false,false,false,7F2E31
real_can_latency_20260716_final_firmware,254,after,false,,00FE,,false,false,false,7F2E31
real_can_latency_20260716_final_firmware,255,after,false,,00FF,,false,false,false,7F2E31
real_can_latency_20260716_final_firmware,256,after,false,,0100,,false,false,false,7F2E31
real_can_latency_20260716_final_firmware,257,after,false,,0101,,false,false,false,7F2E31
real_can_latency_20260716_final_firmware,258,after,false,,0102,,false,false,false,7F2E31
real_can_latency_20260716_final_firmware,259,after,false,,0103,,false,false,false,7F2E31
real_can_latency_20260716_final_firmware,260,after,false,,0104,,false,false,false,7F2E31
real_can_latency_20260716_final_firmware,261,after,false,,0105,,false,false,false,7F2E31
real_can_latency_20260716_final_firmware,262,after,false,,0106,,false,false,false,7F2E31
real_can_latency_20260716_final_firmware,263,after,false,,0107,,false,false,false,7F2E31
real_can_latency_20260716_final_firmware,264,after,false,,0108,,false,false,false,7F2E31
real_can_latency_20260716_final_firmware,265,after,false,,0109,,false,false,false,7F2E31
real_can_latency_20260716_final_firmware,266,after,false,,010A,,false,false,false,7F2E31
real_can_latency_20260716_final_firmware,267,after,false,,010B,,false,false,false,7F2E31
real_can_latency_20260716_final_firmware,268,after,false,,010C,,false,false,false,7F2E31
real_can_latency_20260716_final_firmware,269,after,false,,010D,,false,false,false,7F2E31
real_can_latency_20260716_final_firmware,270,after,false,,010E,,false,false,false,7F2E31
real_can_latency_20260716_final_firmware,271,after,false,,010F,,false,false,false,7F2E31
real_can_latency_20260716_final_firmware,272,after,false,,0110,,false,false,false,7F2E31
real_can_latency_20260716_final_firmware,273,after,false,,0111,,false,false,false,7F2E31
real_can_latency_20260716_final_firmware,274,after,false,,0112,,false,false,false,7F2E31
real_can_latency_20260716_final_firmware,275,after,false,,0113,,false,false,false,7F2E31
real_can_latency_20260716_final_firmware,276,after,false,,0114,,false,false,false,7F2E31
real_can_latency_20260716_final_firmware,277,after,false,,0115,,false,false,false,7F2E31
real_can_latency_20260716_final_firmware,278,after,false,,0116,,false,false,false,7F2E31
real_can_latency_20260716_final_firmware,279,after,false,,0117,,false,false,false,7F2E31
real_can_latency_20260716_final_firmware,280,after,false,,0118,,false,false,false,7F2E31
real_can_latency_20260716_final_firmware,281,after,false,,0119,,false,false,false,7F2E31
real_can_latency_20260716_final_firmware,282,after,false,,011A,,false,false,false,7F2E31
real_can_latency_20260716_final_firmware,283,after,false,,011B,,false,false,false,7F2E31
real_can_latency_20260716_final_firmware,284,after,false,,011C,,false,false,false,7F2E31
real_can_latency_20260716_final_firmware,285,after,false,,011D,,false,false,false,7F2E31
real_can_latency_20260716_final_firmware,286,after,false,,011E,,false,false,false,7F2E31
real_can_latency_20260716_final_firmware,287,after,false,,011F,,false,false,false,7F2E31
real_can_latency_20260716_final_firmware,288,after,false,,0120,,false,false,false,7F2E31
real_can_latency_20260716_final_firmware,289,after,false,,0121,,false,false,false,7F2E31
real_can_latency_20260716_final_firmware,290,after,false,,0122,,false,false,false,7F2E31
real_can_latency_20260716_final_firmware,291,after,false,,0123,,false,false,false,7F2E31
real_can_latency_20260716_final_firmware,292,after,false,,0124,,false,false,false,7F2E31
real_can_latency_20260716_final_firmware,293,after,false,,0125,,false,false,false,7F2E31
real_can_latency_20260716_final_firmware,294,after,false,,0126,,false,false,false,7F2E31
real_can_latency_20260716_final_firmware,295,after,false,,0127,,false,false,false,7F2E31
real_can_latency_20260716_final_firmware,296,after,false,,0128,,false,false,false,7F2E31
real_can_latency_20260716_final_firmware,297,after,false,,0129,,false,false,false,7F2E31
real_can_latency_20260716_final_firmware,298,after,false,,012A,,false,false,false,7F2E31
real_can_latency_20260716_final_firmware,299,after,false,,012B,,false,false,false,7F2E31
real_can_latency_20260716_final_firmware,300,after,false,,012C,,false,false,false,7F2E31
real_can_latency_20260716_final_firmware,301,after,false,,012D,,false,false,false,7F2E31
real_can_latency_20260716_final_firmware,302,after,false,,012E,,false,false,false,7F2E31
real_can_latency_20260716_final_firmware,303,after,false,,012F,,false,false,false,7F2E31
real_can_latency_20260716_final_firmware,304,after,false,,0130,,false,false,false,7F2E31
real_can_latency_20260716_final_firmware,305,after,false,,0131,,false,false,false,7F2E31
real_can_latency_20260716_final_firmware,306,after,false,,0132,,false,false,false,7F2E31
real_can_latency_20260716_final_firmware,307,after,false,,0133,,false,false,false,7F2E31
real_can_latency_20260716_final_firmware,308,after,false,,0134,,false,false,false,7F2E31
real_can_latency_20260716_final_firmware,309,after,false,,0135,,false,false,false,7F2E31
real_can_latency_20260716_final_firmware,310,after,false,,0136,,false,false,false,7F2E31
real_can_latency_20260716_final_firmware,311,after,false,,0137,,false,false,false,7F2E31
real_can_latency_20260716_final_firmware,312,after,false,,0138,,false,false,false,7F2E31
real_can_latency_20260716_final_firmware,313,after,false,,0139,,false,false,false,7F2E31
real_can_latency_20260716_final_firmware,314,after,false,,013A,,false,false,false,7F2E31
real_can_latency_20260716_final_firmware,315,after,false,,013B,,false,false,false,7F2E31
real_can_latency_20260716_final_firmware,316,after,false,,013C,,false,false,false,7F2E31
real_can_latency_20260716_final_firmware,317,after,false,,013D,,false,false,false,7F2E31
real_can_latency_20260716_final_firmware,318,after,false,,013E,,false,false,false,7F2E31
real_can_latency_20260716_final_firmware,319,after,false,,013F,,false,false,false,7F2E31
real_can_latency_20260716_final_firmware,320,after,false,,0140,,false,false,false,7F2E31
real_can_latency_20260716_final_firmware,321,after,false,,0141,,false,false,false,7F2E31
real_can_latency_20260716_final_firmware,322,after,false,,0142,,false,false,false,7F2E31
real_can_latency_20260716_final_firmware,323,after,false,,0143,,false,false,false,7F2E31
real_can_latency_20260716_final_firmware,324,after,false,,0144,,false,false,false,7F2E31
real_can_latency_20260716_final_firmware,325,after,false,,0145,,false,false,false,7F2E31
real_can_latency_20260716_final_firmware,326,after,false,,0146,,false,false,false,7F2E31
real_can_latency_20260716_final_firmware,327,after,false,,0147,,false,false,false,7F2E31
real_can_latency_20260716_final_firmware,328,after,false,,0148,,false,false,false,7F2E31
real_can_latency_20260716_final_firmware,329,after,false,,0149,,false,false,false,7F2E31
real_can_latency_20260716_final_firmware,330,after,false,,014A,,false,false,false,7F2E31
real_can_latency_20260716_final_firmware,331,after,false,,014B,,false,false,false,7F2E31
real_can_latency_20260716_final_firmware,332,after,false,,014C,,false,false,false,7F2E31
real_can_latency_20260716_final_firmware,333,after,false,,014D,,false,false,false,7F2E31
real_can_latency_20260716_final_firmware,334,after,false,,014E,,false,false,false,7F2E31
real_can_latency_20260716_final_firmware,335,after,false,,014F,,false,false,false,7F2E31
real_can_latency_20260716_final_firmware,336,after,false,,0150,,false,false,false,7F2E31
real_can_latency_20260716_final_firmware,337,after,false,,0151,,false,false,false,7F2E31
real_can_latency_20260716_final_firmware,338,after,false,,0152,,false,false,false,7F2E31
real_can_latency_20260716_final_firmware,339,after,false,,0153,,false,false,false,7F2E31
real_can_latency_20260716_final_firmware,340,after,false,,0154,,false,false,false,7F2E31
real_can_latency_20260716_final_firmware,341,after,false,,0155,,false,false,false,7F2E31
real_can_latency_20260716_final_firmware,342,after,false,,0156,,false,false,false,7F2E31
real_can_latency_20260716_final_firmware,343,after,false,,0157,,false,false,false,7F2E31
real_can_latency_20260716_final_firmware,344,after,false,,0158,,false,false,false,7F2E31
real_can_latency_20260716_final_firmware,345,after,false,,0159,,false,false,false,7F2E31
real_can_latency_20260716_final_firmware,346,after,false,,015A,,false,false,false,7F2E31
real_can_latency_20260716_final_firmware,347,after,false,,015B,,false,false,false,7F2E31
real_can_latency_20260716_final_firmware,348,after,false,,015C,,false,false,false,7F2E31
real_can_latency_20260716_final_firmware,349,after,false,,015D,,false,false,false,7F2E31
real_can_latency_20260716_final_firmware,350,after,false,,015E,,false,false,false,7F2E31
real_can_latency_20260716_final_firmware,351,after,false,,015F,,false,false,false,7F2E31
real_can_latency_20260716_final_firmware,352,after,false,,0160,,false,false,false,7F2E31
real_can_latency_20260716_final_firmware,353,after,false,,0161,,false,false,false,7F2E31
real_can_latency_20260716_final_firmware,354,after,false,,0162,,false,false,false,7F2E31
real_can_latency_20260716_final_firmware,355,after,false,,0163,,false,false,false,7F2E31
real_can_latency_20260716_final_firmware,356,after,false,,0164,,false,false,false,7F2E31
real_can_latency_20260716_final_firmware,357,after,false,,0165,,false,false,false,7F2E31
real_can_latency_20260716_final_firmware,358,after,false,,0166,,false,false,false,7F2E31
real_can_latency_20260716_final_firmware,359,after,false,,0167,,false,false,false,7F2E31
real_can_latency_20260716_final_firmware,360,after,false,,0168,,false,false,false,7F2E31
real_can_latency_20260716_final_firmware,361,after,false,,0169,,false,false,false,7F2E31
real_can_latency_20260716_final_firmware,362,after,false,,016A,,false,false,false,7F2E31
real_can_latency_20260716_final_firmware,363,after,false,,016B,,false,false,false,7F2E31
real_can_latency_20260716_final_firmware,364,after,false,,016C,,false,false,false,7F2E31
real_can_latency_20260716_final_firmware,365,after,false,,016D,,false,false,false,7F2E31
real_can_latency_20260716_final_firmware,366,after,false,,016E,,false,false,false,7F2E31
real_can_latency_20260716_final_firmware,367,after,false,,016F,,false,false,false,7F2E31
real_can_latency_20260716_final_firmware,368,after,false,,0170,,false,false,false,7F2E31
real_can_latency_20260716_final_firmware,369,after,false,,0171,,false,false,false,7F2E31
real_can_latency_20260716_final_firmware,370,after,false,,0172,,false,false,false,7F2E31
real_can_latency_20260716_final_firmware,371,after,false,,0173,,false,false,false,7F2E31
real_can_latency_20260716_final_firmware,372,after,false,,0174,,false,false,false,7F2E31
real_can_latency_20260716_final_firmware,373,after,false,,0175,,false,false,false,7F2E31
real_can_latency_20260716_final_firmware,374,after,false,,0176,,false,false,false,7F2E31
real_can_latency_20260716_final_firmware,375,after,false,,0177,,false,false,false,7F2E31
real_can_latency_20260716_final_firmware,376,after,false,,0178,,false,false,false,7F2E31
real_can_latency_20260716_final_firmware,377,after,false,,0179,,false,false,false,7F2E31
real_can_latency_20260716_final_firmware,378,after,false,,017A,,false,false,false,7F2E31
real_can_latency_20260716_final_firmware,379,after,false,,017B,,false,false,false,7F2E31
real_can_latency_20260716_final_firmware,380,after,false,,017C,,false,false,false,7F2E31
real_can_latency_20260716_final_firmware,381,after,false,,017D,,false,false,false,7F2E31
real_can_latency_20260716_final_firmware,382,after,false,,017E,,false,false,false,7F2E31
real_can_latency_20260716_final_firmware,383,after,false,,017F,,false,false,false,7F2E31
real_can_latency_20260716_final_firmware,384,after,false,,0180,,false,false,false,7F2E31
real_can_latency_20260716_final_firmware,385,after,false,,0181,,false,false,false,7F2E31
real_can_latency_20260716_final_firmware,386,after,false,,0182,,false,false,false,7F2E31
real_can_latency_20260716_final_firmware,387,after,false,,0183,,false,false,false,7F2E31
real_can_latency_20260716_final_firmware,388,after,false,,0184,,false,false,false,7F2E31
real_can_latency_20260716_final_firmware,389,after,false,,0185,,false,false,false,7F2E31
real_can_latency_20260716_final_firmware,390,after,false,,0186,,false,false,false,7F2E31
real_can_latency_20260716_final_firmware,391,after,false,,0187,,false,false,false,7F2E31
real_can_latency_20260716_final_firmware,392,after,false,,0188,,false,false,false,7F2E31
real_can_latency_20260716_final_firmware,393,after,false,,0189,,false,false,false,7F2E31
real_can_latency_20260716_final_firmware,394,after,false,,018A,,false,false,false,7F2E31
real_can_latency_20260716_final_firmware,395,after,false,,018B,,false,false,false,7F2E31
real_can_latency_20260716_final_firmware,396,after,false,,018C,,false,false,false,7F2E31
real_can_latency_20260716_final_firmware,397,after,false,,018D,,false,false,false,7F2E31
real_can_latency_20260716_final_firmware,398,after,false,,018E,,false,false,false,7F2E31
real_can_latency_20260716_final_firmware,399,after,false,,018F,,false,false,false,7F2E31
real_can_latency_20260716_final_firmware,400,after,false,,0190,,false,false,false,7F2E31
real_can_latency_20260716_final_firmware,401,after,false,,0191,,false,false,false,7F2E31
real_can_latency_20260716_final_firmware,402,after,false,,0192,,false,false,false,7F2E31
real_can_latency_20260716_final_firmware,403,after,false,,0193,,false,false,false,7F2E31
real_can_latency_20260716_final_firmware,404,after,false,,0194,,false,false,false,7F2E31
real_can_latency_20260716_final_firmware,405,after,false,,0195,,false,false,false,7F2E31
real_can_latency_20260716_final_firmware,406,after,false,,0196,,false,false,false,7F2E31
real_can_latency_20260716_final_firmware,407,after,false,,0197,,false,false,false,7F2E31
real_can_latency_20260716_final_firmware,408,after,false,,0198,,false,false,false,7F2E31
real_can_latency_20260716_final_firmware,409,after,false,,0199,,false,false,false,7F2E31
real_can_latency_20260716_final_firmware,410,after,false,,019A,,false,false,false,7F2E31
real_can_latency_20260716_final_firmware,411,after,false,,019B,,false,false,false,7F2E31
real_can_latency_20260716_final_firmware,412,after,false,,019C,,false,false,false,7F2E31
real_can_latency_20260716_final_firmware,413,after,false,,019D,,false,false,false,7F2E31
real_can_latency_20260716_final_firmware,414,after,false,,019E,,false,false,false,7F2E31
real_can_latency_20260716_final_firmware,415,after,false,,019F,,false,false,false,7F2E31
real_can_latency_20260716_final_firmware,416,after,false,,01A0,,false,false,false,7F2E31
real_can_latency_20260716_final_firmware,417,after,false,,01A1,,false,false,false,7F2E31
real_can_latency_20260716_final_firmware,418,after,false,,01A2,,false,false,false,7F2E31
real_can_latency_20260716_final_firmware,419,after,false,,01A3,,false,false,false,7F2E31
real_can_latency_20260716_final_firmware,420,after,false,,01A4,,false,false,false,7F2E31
real_can_latency_20260716_final_firmware,421,after,false,,01A5,,false,false,false,7F2E31
real_can_latency_20260716_final_firmware,422,after,false,,01A6,,false,false,false,7F2E31
real_can_latency_20260716_final_firmware,423,after,false,,01A7,,false,false,false,7F2E31
real_can_latency_20260716_final_firmware,424,after,false,,01A8,,false,false,false,7F2E31
real_can_latency_20260716_final_firmware,425,after,false,,01A9,,false,false,false,7F2E31
real_can_latency_20260716_final_firmware,426,after,false,,01AA,,false,false,false,7F2E31
real_can_latency_20260716_final_firmware,427,after,false,,01AB,,false,false,false,7F2E31
real_can_latency_20260716_final_firmware,428,after,false,,01AC,,false,false,false,7F2E31
real_can_latency_20260716_final_firmware,429,after,false,,01AD,,false,false,false,7F2E31
real_can_latency_20260716_final_firmware,430,after,false,,01AE,,false,false,false,7F2E31
real_can_latency_20260716_final_firmware,431,after,false,,01AF,,false,false,false,7F2E31
real_can_latency_20260716_final_firmware,432,after,false,,01B0,,false,false,false,7F2E31
real_can_latency_20260716_final_firmware,433,after,false,,01B1,,false,false,false,7F2E31
real_can_latency_20260716_final_firmware,434,after,false,,01B2,,false,false,false,7F2E31
real_can_latency_20260716_final_firmware,435,after,false,,01B3,,false,false,false,7F2E31
real_can_latency_20260716_final_firmware,436,after,false,,01B4,,false,false,false,7F2E31
real_can_latency_20260716_final_firmware,437,after,false,,01B5,,false,false,false,7F2E31
real_can_latency_20260716_final_firmware,438,after,false,,01B6,,false,false,false,7F2E31
real_can_latency_20260716_final_firmware,439,after,false,,01B7,,false,false,false,7F2E31
real_can_latency_20260716_final_firmware,440,after,false,,01B8,,false,false,false,7F2E31
real_can_latency_20260716_final_firmware,441,after,false,,01B9,,false,false,false,7F2E31
real_can_latency_20260716_final_firmware,442,after,false,,01BA,,false,false,false,7F2E31
real_can_latency_20260716_final_firmware,443,after,false,,01BB,,false,false,false,7F2E31
real_can_latency_20260716_final_firmware,444,after,false,,01BC,,false,false,false,7F2E31
real_can_latency_20260716_final_firmware,445,after,false,,01BD,,false,false,false,7F2E31
real_can_latency_20260716_final_firmware,446,after,false,,01BE,,false,false,false,7F2E31
real_can_latency_20260716_final_firmware,447,after,false,,01BF,,false,false,false,7F2E31
real_can_latency_20260716_final_firmware,448,after,false,,01C0,,false,false,false,7F2E31
real_can_latency_20260716_final_firmware,449,after,false,,01C1,,false,false,false,7F2E31
real_can_latency_20260716_final_firmware,450,after,false,,01C2,,false,false,false,7F2E31
real_can_latency_20260716_final_firmware,451,after,false,,01C3,,false,false,false,7F2E31
real_can_latency_20260716_final_firmware,452,after,false,,01C4,,false,false,false,7F2E31
real_can_latency_20260716_final_firmware,453,after,false,,01C5,,false,false,false,7F2E31
real_can_latency_20260716_final_firmware,454,after,false,,01C6,,false,false,false,7F2E31
real_can_latency_20260716_final_firmware,455,after,false,,01C7,,false,false,false,7F2E31
real_can_latency_20260716_final_firmware,456,after,false,,01C8,,false,false,false,7F2E31
real_can_latency_20260716_final_firmware,457,after,false,,01C9,,false,false,false,7F2E31
real_can_latency_20260716_final_firmware,458,after,false,,01CA,,false,false,false,7F2E31
real_can_latency_20260716_final_firmware,459,after,false,,01CB,,false,false,false,7F2E31
real_can_latency_20260716_final_firmware,460,after,false,,01CC,,false,false,false,7F2E31
real_can_latency_20260716_final_firmware,461,after,false,,01CD,,false,false,false,7F2E31
real_can_latency_20260716_final_firmware,462,after,false,,01CE,,false,false,false,7F2E31
real_can_latency_20260716_final_firmware,463,after,false,,01CF,,false,false,false,7F2E31
real_can_latency_20260716_final_firmware,464,after,false,,01D0,,false,false,false,7F2E31
real_can_latency_20260716_final_firmware,465,after,false,,01D1,,false,false,false,7F2E31
real_can_latency_20260716_final_firmware,466,after,false,,01D2,,false,false,false,7F2E31
real_can_latency_20260716_final_firmware,467,after,false,,01D3,,false,false,false,7F2E31
real_can_latency_20260716_final_firmware,468,after,false,,01D4,,false,false,false,7F2E31
real_can_latency_20260716_final_firmware,469,after,false,,01D5,,false,false,false,7F2E31
real_can_latency_20260716_final_firmware,470,after,false,,01D6,,false,false,false,7F2E31
real_can_latency_20260716_final_firmware,471,after,false,,01D7,,false,false,false,7F2E31
real_can_latency_20260716_final_firmware,472,after,false,,01D8,,false,false,false,7F2E31
real_can_latency_20260716_final_firmware,473,after,false,,01D9,,false,false,false,7F2E31
real_can_latency_20260716_final_firmware,474,after,false,,01DA,,false,false,false,7F2E31
real_can_latency_20260716_final_firmware,475,after,false,,01DB,,false,false,false,7F2E31
real_can_latency_20260716_final_firmware,476,after,false,,01DC,,false,false,false,7F2E31
real_can_latency_20260716_final_firmware,477,after,false,,01DD,,false,false,false,7F2E31
real_can_latency_20260716_final_firmware,478,after,false,,01DE,,false,false,false,7F2E31
real_can_latency_20260716_final_firmware,479,after,false,,01DF,,false,false,false,7F2E31
real_can_latency_20260716_final_firmware,480,after,false,,01E0,,false,false,false,7F2E31
real_can_latency_20260716_final_firmware,481,after,false,,01E1,,false,false,false,7F2E31
real_can_latency_20260716_final_firmware,482,after,false,,01E2,,false,false,false,7F2E31
real_can_latency_20260716_final_firmware,483,after,false,,01E3,,false,false,false,7F2E31
real_can_latency_20260716_final_firmware,484,after,false,,01E4,,false,false,false,7F2E31
real_can_latency_20260716_final_firmware,485,after,false,,01E5,,false,false,false,7F2E31
real_can_latency_20260716_final_firmware,486,after,false,,01E6,,false,false,false,7F2E31
real_can_latency_20260716_final_firmware,487,after,false,,01E7,,false,false,false,7F2E31
real_can_latency_20260716_final_firmware,488,after,false,,01E8,,false,false,false,7F2E31
real_can_latency_20260716_final_firmware,489,after,false,,01E9,,false,false,false,7F2E31
real_can_latency_20260716_final_firmware,490,after,false,,01EA,,false,false,false,7F2E31
real_can_latency_20260716_final_firmware,491,after,false,,01EB,,false,false,false,7F2E31
real_can_latency_20260716_final_firmware,492,after,false,,01EC,,false,false,false,7F2E31
real_can_latency_20260716_final_firmware,493,after,false,,01ED,,false,false,false,7F2E31
real_can_latency_20260716_final_firmware,494,after,false,,01EE,,false,false,false,7F2E31
real_can_latency_20260716_final_firmware,495,after,false,,01EF,,false,false,false,7F2E31
real_can_latency_20260716_final_firmware,496,after,false,,01F0,,false,false,false,7F2E31
real_can_latency_20260716_final_firmware,497,after,false,,01F1,,false,false,false,7F2E31
real_can_latency_20260716_final_firmware,498,after,false,,01F2,,false,false,false,7F2E31
real_can_latency_20260716_final_firmware,499,after,false,,01F3,,false,false,false,7F2E31
real_can_latency_20260716_final_firmware,500,after,false,,01F4,,false,false,false,7F2E31
real_can_latency_20260716_final_firmware,501,after,false,,01F5,,false,false,false,7F2E31
real_can_latency_20260716_final_firmware,502,after,false,,01F6,,false,false,false,7F2E31
real_can_latency_20260716_final_firmware,503,after,false,,01F7,,false,false,false,7F2E31
real_can_latency_20260716_final_firmware,504,after,false,,01F8,,false,false,false,7F2E31
real_can_latency_20260716_final_firmware,505,after,false,,01F9,,false,false,false,7F2E31
real_can_latency_20260716_final_firmware,506,after,false,,01FA,,false,false,false,7F2E31
real_can_latency_20260716_final_firmware,507,after,false,,01FB,,false,false,false,7F2E31
real_can_latency_20260716_final_firmware,508,after,false,,01FC,,false,false,false,7F2E31
real_can_latency_20260716_final_firmware,509,after,false,,01FD,,false,false,false,7F2E31
real_can_latency_20260716_final_firmware,510,after,false,,01FE,,false,false,false,7F2E31
real_can_latency_20260716_final_firmware,511,after,false,,01FF,,false,false,false,7F2E31
real_can_latency_20260716_final_firmware,512,after,false,,0200,,false,false,false,7F2E31
real_can_latency_20260716_final_firmware,513,after,false,,0201,,false,false,false,7F2E31
real_can_latency_20260716_final_firmware,514,after,false,,0202,,false,false,false,7F2E31
real_can_latency_20260716_final_firmware,515,after,false,,0203,,false,false,false,7F2E31
real_can_latency_20260716_final_firmware,516,after,false,,0204,,false,false,false,7F2E31
real_can_latency_20260716_final_firmware,517,after,false,,0205,,false,false,false,7F2E31
real_can_latency_20260716_final_firmware,518,after,false,,0206,,false,false,false,7F2E31
real_can_latency_20260716_final_firmware,519,after,false,,0207,,false,false,false,7F2E31
real_can_latency_20260716_final_firmware,520,after,false,,0208,,false,false,false,7F2E31
